caseid,task,resource,role,end_timestamp,pr_instances,tsk_start_inst,start_timestamp
Case1,Turning & Milling,res_f3606ac9-28bc-4857-aaa9-8e5e002f2c74,Role 2,2012-01-02 07:41:08,3,0,2012-01-02 07:00:24
Case2,Turning & Milling Q.C.,res_7aa8e275-2091-46aa-8eb5-dc6183b95719,Role 1,2012-01-02 08:57:10,4,0,2012-01-02 08:20:22
Case3,Turning & Milling Q.C.,res_b09df969-8dee-4e5b-bfb3-b2e91c67882c,Role 1,2012-01-02 10:12:43,5,0,2012-01-02 09:38:36
Case4,Turning & Milling,res_c7bd898a-1461-452f-95cf-240fa62aa442,Role 2,2012-01-02 11:28:16,6,0,2012-01-02 10:55:23
Case5,Turning & Milling,res_c7bd898a-1461-452f-95cf-240fa62aa442,Role 2,2012-01-02 12:14:01,7,0,2012-01-02 11:44:13
Case6,Turning & Milling Q.C.,res_7aa8e275-2091-46aa-8eb5-dc6183b95719,Role 1,2012-01-02 12:52:59,8,0,2012-01-02 12:27:49
Case7,Turning & Milling Q.C.,res_0c9e1edc-5031-465f-8b15-145067d092b8,Role 1,2012-01-02 14:52:51,9,0,2012-01-02 14:30:20
Case8,Turning,res_209d71cd-525c-4bd3-80a5-294f454e45ae,Role 7,2012-01-02 15:52:04,10,0,2012-01-02 15:31:37
Case9,Packing,res_f0c1998a-357d-4c38-bde7-4806fc537f66,Role 3,2012-01-02 17:03:48,11,0,2012-01-02 16:45:21
Case10,Packing,res_f0c1998a-357d-4c38-bde7-4806fc537f66,Role 3,2012-01-02 18:56:15,11,0,2012-01-02 18:37:18
Case11,Packing,res_0d1875c3-80e3-4d0d-bf7b-ac33326f853d,Role 3,2012-01-02 19:57:40,12,0,2012-01-02 19:41:20
Case12,Turning & Milling Q.C.,res_0c9e1edc-5031-465f-8b15-145067d092b8,Role 1,2012-01-02 21:05:17,12,0,2012-01-02 20:50:16
Case13,Turning & Milling Q.C.,res_fb941250-d079-4e8c-8bdc-c79f47471e3b,Role 1,2012-01-02 22:26:34,13,0,2012-01-02 22:14:01
Case14,Turning & Milling,res_a7884ce0-d488-49c2-bbcb-06aba2c7aa0e,Role 2,2012-01-02 23:19:35,14,0,2012-01-02 23:08:04
Case15,Turning & Milling,res_c7bd898a-1461-452f-95cf-240fa62aa442,Role 2,2012-01-03 00:23:26,15,0,2012-01-03 00:15:10
Case16,Turning,res_209d71cd-525c-4bd3-80a5-294f454e45ae,Role 7,2012-01-03 02:01:03,16,0,2012-01-03 01:54:54
Case17,Turning & Milling Q.C.,res_fb941250-d079-4e8c-8bdc-c79f47471e3b,Role 1,2012-01-03 02:58:42,17,0,2012-01-03 02:55:25
Case18,Turning & Milling Q.C.,res_0c9e1edc-5031-465f-8b15-145067d092b8,Role 1,2012-01-03 03:46:25,18,0,2012-01-03 03:45:16
Case19,Turning & Milling Q.C.,res_0c9e1edc-5031-465f-8b15-145067d092b8,Role 1,2012-01-03 04:31:10,19,0,2012-01-03 04:31:10
Case20,Turning & Milling Q.C.,res_7aa8e275-2091-46aa-8eb5-dc6183b95719,Role 1,2012-01-03 05:57:38,20,0,2012-01-03 05:57:38
Case21,Turning & Milling,res_f3606ac9-28bc-4857-aaa9-8e5e002f2c74,Role 2,2012-01-03 06:49:26,21,0,2012-01-03 06:49:26
Case22,Turning & Milling,res_a7884ce0-d488-49c2-bbcb-06aba2c7aa0e,Role 2,2012-01-03 07:27:10,22,0,2012-01-03 07:27:10
Case23,Packing,res_0d1875c3-80e3-4d0d-bf7b-ac33326f853d,Role 3,2012-01-03 09:23:13,23,0,2012-01-03 09:23:13
Case24,Turning & Milling Q.C.,res_0c9e1edc-5031-465f-8b15-145067d092b8,Role 1,2012-01-03 10:08:04,24,0,2012-01-03 10:08:04
Case25,Packing,res_0d1875c3-80e3-4d0d-bf7b-ac33326f853d,Role 3,2012-01-03 12:52:08,25,0,2012-01-03 12:52:08
Case26,Turning & Milling Q.C.,res_0c9e1edc-5031-465f-8b15-145067d092b8,Role 1,2012-01-03 13:36:41,26,0,2012-01-03 13:36:41
Case27,Turning & Milling Q.C.,res_b09df969-8dee-4e5b-bfb3-b2e91c67882c,Role 1,2012-01-03 14:48:17,27,0,2012-01-03 14:48:17
Case28,Round Grinding,res_2fe39883-a0a3-49a7-9376-b9d1e15e6896,Role 6,2012-01-03 15:39:52,28,0,2012-01-03 15:39:52
Case29,Turning & Milling,res_f3606ac9-28bc-4857-aaa9-8e5e002f2c74,Role 2,2012-01-03 16:15:49,29,0,2012-01-03 16:15:49
Case30,Packing,res_0d1875c3-80e3-4d0d-bf7b-ac33326f853d,Role 3,2012-01-03 17:15:05,30,0,2012-01-03 17:15:05
Case31,Turning & Milling Q.C.,res_7aa8e275-2091-46aa-8eb5-dc6183b95719,Role 1,2012-01-03 18:10:06,30,0,2012-01-03 18:10:06
Case32,Turning & Milling Q.C.,res_0c9e1edc-5031-465f-8b15-145067d092b8,Role 1,2012-01-03 19:06:50,31,0,2012-01-03 19:06:50
Case33,Lapping,res_f3606ac9-28bc-4857-aaa9-8e5e002f2c74,Role 2,2012-01-03 20:01:54,32,0,2012-01-03 20:01:54
Case34,Turning & Milling Q.C.,res_fb941250-d079-4e8c-8bdc-c79f47471e3b,Role 1,2012-01-03 21:14:50,33,0,2012-01-03 21:14:50
Case35,Turning & Milling,res_c7bd898a-1461-452f-95cf-240fa62aa442,Role 2,2012-01-03 22:26:39,34,0,2012-01-03 22:26:39
Case36,Turning & Milling,res_f3606ac9-28bc-4857-aaa9-8e5e002f2c74,Role 2,2012-01-04 00:06:00,35,0,2012-01-04 00:06:00
Case37,Turning & Milling Q.C.,res_b09df969-8dee-4e5b-bfb3-b2e91c67882c,Role 1,2012-01-04 01:13:17,35,0,2012-01-04 01:13:17
Case38,Turning & Milling Q.C.,res_7aa8e275-2091-46aa-8eb5-dc6183b95719,Role 1,2012-01-04 02:14:01,36,0,2012-01-04 02:14:01
Case39,Turning & Milling Q.C.,res_b09df969-8dee-4e5b-bfb3-b2e91c67882c,Role 1,2012-01-04 05:52:13,37,0,2012-01-04 05:52:13
Case40,Turning & Milling Q.C.,res_7aa8e275-2091-46aa-8eb5-dc6183b95719,Role 1,2012-01-04 06:54:19,38,0,2012-01-04 06:54:19
Case41,Turning & Milling,res_a7884ce0-d488-49c2-bbcb-06aba2c7aa0e,Role 2,2012-01-04 07:26:05,39,0,2012-01-04 07:26:05
Case42,Turning & Milling Q.C.,res_7aa8e275-2091-46aa-8eb5-dc6183b95719,Role 1,2012-01-04 08:23:28,40,0,2012-01-04 08:23:28
Case43,Turning & Milling Q.C.,res_0c9e1edc-5031-465f-8b15-145067d092b8,Role 1,2012-01-04 09:37:14,41,0,2012-01-04 09:37:14
Case44,Turning & Milling Q.C.,res_b09df969-8dee-4e5b-bfb3-b2e91c67882c,Role 1,2012-01-04 11:17:31,42,0,2012-01-04 11:17:31
Case45,Turning & Milling,res_a7884ce0-d488-49c2-bbcb-06aba2c7aa0e,Role 2,2012-01-04 12:55:03,43,0,2012-01-04 12:55:03
Case46,Round Grinding,res_2fe39883-a0a3-49a7-9376-b9d1e15e6896,Role 6,2012-01-04 13:39:40,44,0,2012-01-04 13:39:40
Case47,Turning & Milling Q.C.,res_0c9e1edc-5031-465f-8b15-145067d092b8,Role 1,2012-01-04 14:35:29,45,0,2012-01-04 14:35:29
Case48,Turning & Milling,res_a7884ce0-d488-49c2-bbcb-06aba2c7aa0e,Role 2,2012-01-04 15:08:52,46,0,2012-01-04 15:08:52
Case49,Turning & Milling Q.C.,res_0c9e1edc-5031-465f-8b15-145067d092b8,Role 1,2012-01-04 16:17:42,46,0,2012-01-04 16:17:42
Case50,Rework Milling,res_0c9e1edc-5031-465f-8b15-145067d092b8,Role 1,2012-01-04 17:48:46,47,0,2012-01-04 17:48:46
Case51,Turning & Milling Q.C.,res_b09df969-8dee-4e5b-bfb3-b2e91c67882c,Role 1,2012-01-04 18:37:13,48,0,2012-01-04 18:37:13
Case52,Turning,res_209d71cd-525c-4bd3-80a5-294f454e45ae,Role 7,2012-01-04 19:52:59,49,0,2012-01-04 19:52:59
Case53,Turning & Milling,res_f3606ac9-28bc-4857-aaa9-8e5e002f2c74,Role 2,2012-01-04 20:55:50,50,0,2012-01-04 20:55:50
Case54,Turning & Milling Q.C.,res_7aa8e275-2091-46aa-8eb5-dc6183b95719,Role 1,2012-01-04 21:07:16,51,0,2012-01-04 21:07:16
Case55,Turning & Milling Q.C.,res_fb941250-d079-4e8c-8bdc-c79f47471e3b,Role 1,2012-01-04 22:13:02,52,0,2012-01-04 22:13:02
Case56,Packing,res_f0c1998a-357d-4c38-bde7-4806fc537f66,Role 3,2012-01-04 23:15:37,53,0,2012-01-04 23:15:37
Case57,Turning & Milling Q.C.,res_0c9e1edc-5031-465f-8b15-145067d092b8,Role 1,2012-01-05 00:31:15,54,0,2012-01-05 00:31:15
Case58,Turning & Milling Q.C.,res_b09df969-8dee-4e5b-bfb3-b2e91c67882c,Role 1,2012-01-05 01:23:07,55,0,2012-01-05 01:23:07
Case59,Turning & Milling,res_a7884ce0-d488-49c2-bbcb-06aba2c7aa0e,Role 2,2012-01-05 02:20:04,56,0,2012-01-05 02:20:04
Case60,Turning & Milling Q.C.,res_0c9e1edc-5031-465f-8b15-145067d092b8,Role 1,2012-01-05 03:18:10,57,0,2012-01-05 03:18:10
Case61,Turning & Milling,res_c7bd898a-1461-452f-95cf-240fa62aa442,Role 2,2012-01-05 04:28:58,58,0,2012-01-05 04:28:58
Case62,Turning & Milling,res_a7884ce0-d488-49c2-bbcb-06aba2c7aa0e,Role 2,2012-01-05 07:46:05,59,0,2012-01-05 07:46:05
Case63,Turning & Milling Q.C.,res_fb941250-d079-4e8c-8bdc-c79f47471e3b,Role 1,2012-01-05 08:59:04,60,0,2012-01-05 08:59:04
Case64,Turning & Milling,res_a7884ce0-d488-49c2-bbcb-06aba2c7aa0e,Role 2,2012-01-05 10:35:19,61,0,2012-01-05 10:35:19
Case65,Turning & Milling,res_f3606ac9-28bc-4857-aaa9-8e5e002f2c74,Role 2,2012-01-05 11:06:48,62,0,2012-01-05 11:06:48
Case66,Turning & Milling,res_f3606ac9-28bc-4857-aaa9-8e5e002f2c74,Role 2,2012-01-05 13:53:17,63,0,2012-01-05 13:53:17
Case67,Turning & Milling Q.C.,res_7aa8e275-2091-46aa-8eb5-dc6183b95719,Role 1,2012-01-05 14:33:35,64,0,2012-01-05 14:33:35
Case68,Turning & Milling Q.C.,res_b09df969-8dee-4e5b-bfb3-b2e91c67882c,Role 1,2012-01-05 15:32:18,65,0,2012-01-05 15:32:18
Case69,Turning & Milling,res_c7bd898a-1461-452f-95cf-240fa62aa442,Role 2,2012-01-05 16:52:02,66,0,2012-01-05 16:52:02
Case70,Turning & Milling Q.C.,res_b09df969-8dee-4e5b-bfb3-b2e91c67882c,Role 1,2012-01-05 17:23:45,67,0,2012-01-05 17:23:45
Case71,Turning & Milling,res_a7884ce0-d488-49c2-bbcb-06aba2c7aa0e,Role 2,2012-01-05 19:05:12,68,0,2012-01-05 19:05:12
Case72,Turning & Milling Q.C.,res_7aa8e275-2091-46aa-8eb5-dc6183b95719,Role 1,2012-01-05 23:58:19,68,0,2012-01-05 23:58:19
Case73,Turning & Milling Q.C.,res_7aa8e275-2091-46aa-8eb5-dc6183b95719,Role 1,2012-01-06 01:07:13,69,0,2012-01-06 01:07:13
Case22,Laser Marking,res_eacd3f85-9c27-47cb-89b3-558011127427,Role 5,2012-01-06 03:38:55,69,0,2012-01-06 03:38:55
Case74,Turning & Milling Q.C.,res_7aa8e275-2091-46aa-8eb5-dc6183b95719,Role 1,2012-01-06 03:44:40,70,0,2012-01-06 03:44:40
Case19,Laser Marking,res_eacd3f85-9c27-47cb-89b3-558011127427,Role 5,2012-01-06 03:57:48,70,0,2012-01-06 03:57:48
Case21,Laser Marking,res_eacd3f85-9c27-47cb-89b3-558011127427,Role 5,2012-01-06 04:00:45,70,0,2012-01-06 04:00:45
Case24,Packing,res_f0c1998a-357d-4c38-bde7-4806fc537f66,Role 3,2012-01-06 04:04:46,70,0,2012-01-06 04:04:46
Case20,Grinding Rework,res_708681cb-572e-491e-b99d-76fb16bf20e7,Role 4,2012-01-06 04:10:03,70,0,2012-01-06 04:10:03
Case17,Turning & Milling,res_a7884ce0-d488-49c2-bbcb-06aba2c7aa0e,Role 2,2012-01-06 04:21:31,70,0,2012-01-06 04:21:31
Case18,Grinding Rework,res_708681cb-572e-491e-b99d-76fb16bf20e7,Role 4,2012-01-06 04:26:15,70,0,2012-01-06 04:26:15
Case75,Turning & Milling,res_c7bd898a-1461-452f-95cf-240fa62aa442,Role 2,2012-01-06 04:44:34,71,0,2012-01-06 04:44:34
Case15,Laser Marking,res_eacd3f85-9c27-47cb-89b3-558011127427,Role 5,2012-01-06 05:12:56,71,0,2012-01-06 05:12:56
Case23,Round Grinding,res_2fe39883-a0a3-49a7-9376-b9d1e15e6896,Role 6,2012-01-06 05:31:41,71,0,2012-01-06 05:31:41
Case27,Turning & Milling,res_f3606ac9-28bc-4857-aaa9-8e5e002f2c74,Role 2,2012-01-06 06:02:51,71,0,2012-01-06 06:02:51
Case26,Laser Marking,res_eacd3f85-9c27-47cb-89b3-558011127427,Role 5,2012-01-06 06:12:13,71,0,2012-01-06 06:12:13
Case76,Turning & Milling Q.C.,res_0c9e1edc-5031-465f-8b15-145067d092b8,Role 1,2012-01-06 06:34:05,72,0,2012-01-06 06:34:05
Case29,Laser Marking,res_eacd3f85-9c27-47cb-89b3-558011127427,Role 5,2012-01-06 06:47:50,72,0,2012-01-06 06:47:50
Case16,Turning Q.C.,res_7aa8e275-2091-46aa-8eb5-dc6183b95719,Role 1,2012-01-06 06:51:28,72,0,2012-01-06 06:51:28
Case28,Final Inspection Q.C.,res_fb941250-d079-4e8c-8bdc-c79f47471e3b,Role 1,2012-01-06 07:07:07,72,0,2012-01-06 07:07:07
Case77,Turning & Milling Q.C.,res_fb941250-d079-4e8c-8bdc-c79f47471e3b,Role 1,2012-01-06 07:30:59,72,0,2012-01-06 07:30:59
Case31,Turning & Milling,res_c7bd898a-1461-452f-95cf-240fa62aa442,Role 2,2012-01-06 07:34:00,72,0,2012-01-06 07:34:00
Case25,Turning & Milling Q.C.,res_0c9e1edc-5031-465f-8b15-145067d092b8,Role 1,2012-01-06 08:12:44,72,0,2012-01-06 08:12:44
Case32,Grinding Rework,res_708681cb-572e-491e-b99d-76fb16bf20e7,Role 4,2012-01-06 08:14:34,72,0,2012-01-06 08:14:34
Case1,Laser Marking,res_eacd3f85-9c27-47cb-89b3-558011127427,Role 5,2012-01-06 08:33:30,72,0,2012-01-06 08:33:30
Case78,Turning & Milling Q.C.,res_0c9e1edc-5031-465f-8b15-145067d092b8,Role 1,2012-01-06 08:38:51,73,0,2012-01-06 08:38:51
Case34,Packing,res_0d1875c3-80e3-4d0d-bf7b-ac33326f853d,Role 3,2012-01-06 09:25:13,73,0,2012-01-06 09:25:13
Case35,Laser Marking,res_eacd3f85-9c27-47cb-89b3-558011127427,Role 5,2012-01-06 10:27:42,73,0,2012-01-06 10:27:42
Case2,Laser Marking,res_eacd3f85-9c27-47cb-89b3-558011127427,Role 5,2012-01-06 10:35:30,73,0,2012-01-06 10:35:30
Case33,Turning & Milling Q.C.,res_0c9e1edc-5031-465f-8b15-145067d092b8,Role 1,2012-01-06 10:47:57,73,0,2012-01-06 10:47:57
Case79,Turning & Milling,res_f3606ac9-28bc-4857-aaa9-8e5e002f2c74,Role 2,2012-01-06 11:30:22,74,0,2012-01-06 11:30:22
Case34,Round Grinding,res_2fe39883-a0a3-49a7-9376-b9d1e15e6896,Role 6,2012-01-06 11:56:09,74,0,2012-01-06 11:56:09
Case31,Laser Marking,res_eacd3f85-9c27-47cb-89b3-558011127427,Role 5,2012-01-06 12:10:26,73,0,2012-01-06 12:10:26
Case31,Lapping,res_f3606ac9-28bc-4857-aaa9-8e5e002f2c74,Role 2,2012-01-06 12:10:30,73,0,2012-01-06 12:10:30
Case80,Turning & Milling Q.C.,res_0c9e1edc-5031-465f-8b15-145067d092b8,Role 1,2012-01-06 12:12:42,74,0,2012-01-06 12:12:42
Case3,Laser Marking,res_eacd3f85-9c27-47cb-89b3-558011127427,Role 5,2012-01-06 12:17:46,74,0,2012-01-06 12:17:46
Case6,Packing,res_f0c1998a-357d-4c38-bde7-4806fc537f66,Role 3,2012-01-06 12:24:36,74,0,2012-01-06 12:24:36
Case29,Lapping,res_c7bd898a-1461-452f-95cf-240fa62aa442,Role 2,2012-01-06 12:26:08,74,0,2012-01-06 12:26:08
Case29,Turning & Milling Q.C.,res_fb941250-d079-4e8c-8bdc-c79f47471e3b,Role 1,2012-01-06 12:26:12,74,0,2012-01-06 12:26:12
Case31,Flat Grinding,res_f0c1998a-357d-4c38-bde7-4806fc537f66,Role 5,2012-01-06 12:26:50,73,0,2012-01-06 12:10:34
Case35,Final Inspection Q.C.,res_7aa8e275-2091-46aa-8eb5-dc6183b95719,Role 1,2012-01-06 12:32:00,74,0,2012-01-06 12:32:00
Case32,Final Inspection Q.C.,res_7aa8e275-2091-46aa-8eb5-dc6183b95719,Role 1,2012-01-06 12:32:45,73,0,2012-01-06 12:32:45
Case32,Turning & Milling Q.C.,res_0c9e1edc-5031-465f-8b15-145067d092b8,Role 1,2012-01-06 12:32:49,73,0,2012-01-06 12:32:49
Case29,Packing,res_708681cb-572e-491e-b99d-76fb16bf20e7,Role 3,2012-01-06 12:35:31,74,0,2012-01-06 12:26:16
Case31,Lapping,res_b09df969-8dee-4e5b-bfb3-b2e91c67882c,Role 2,2012-01-06 12:51:11,74,0,2012-01-06 12:26:54
Case32,Grinding Rework,res_eacd3f85-9c27-47cb-89b3-558011127427,Role 4,2012-01-06 12:52:59,73,0,2012-01-06 12:32:53
Case29,Turning & Milling Q.C.,res_7aa8e275-2091-46aa-8eb5-dc6183b95719,Role 1,2012-01-06 12:54:48,73,0,2012-01-06 12:35:35
Case29,Packing,res_f0c1998a-357d-4c38-bde7-4806fc537f66,Role 3,2012-01-06 13:10:50,73,0,2012-01-06 12:54:52
Case81,Turning,res_209d71cd-525c-4bd3-80a5-294f454e45ae,Role 7,2012-01-06 13:14:07,73,0,2012-01-06 13:14:07
Case32,Final Inspection Q.C.,res_209d71cd-525c-4bd3-80a5-294f454e45ae,Role 1,2012-01-06 13:17:26,73,0,2012-01-06 12:53:03
Case31,Flat Grinding,res_209d71cd-525c-4bd3-80a5-294f454e45ae,Role 5,2012-01-06 13:17:38,73,0,2012-01-06 12:51:15
Case31,Lapping,res_a7884ce0-d488-49c2-bbcb-06aba2c7aa0e,Role 2,2012-01-06 13:42:30,72,0,2012-01-06 13:17:42
Case4,Laser Marking,res_eacd3f85-9c27-47cb-89b3-558011127427,Role 5,2012-01-06 13:42:57,72,0,2012-01-06 13:42:57
Case27,Laser Marking,res_eacd3f85-9c27-47cb-89b3-558011127427,Role 5,2012-01-06 13:54:30,72,0,2012-01-06 13:54:30
Case27,Final Inspection Q.C.,res_0c9e1edc-5031-465f-8b15-145067d092b8,Role 1,2012-01-06 13:54:34,72,0,2012-01-06 13:54:34
Case31,Turning & Milling Q.C.,res_0c9e1edc-5031-465f-8b15-145067d092b8,Role 1,2012-01-06 14:07:23,72,0,2012-01-06 13:42:34
Case5,Laser Marking,res_eacd3f85-9c27-47cb-89b3-558011127427,Role 5,2012-01-06 14:08:32,71,0,2012-01-06 14:08:32
Case82,Turning & Milling Q.C.,res_fb941250-d079-4e8c-8bdc-c79f47471e3b,Role 1,2012-01-06 14:28:03,72,0,2012-01-06 14:28:03
Case31,Packing,res_fb941250-d079-4e8c-8bdc-c79f47471e3b,Role 3,2012-01-06 14:32:00,71,0,2012-01-06 14:07:27
Case7,Laser Marking,res_eacd3f85-9c27-47cb-89b3-558011127427,Role 5,2012-01-06 14:32:21,72,0,2012-01-06 14:32:21
Case31,Round Grinding,res_eacd3f85-9c27-47cb-89b3-558011127427,Role 6,2012-01-06 14:55:48,72,0,2012-01-06 14:32:04
Case31,Final Inspection Q.C.,res_b09df969-8dee-4e5b-bfb3-b2e91c67882c,Role 1,2012-01-06 15:17:27,72,0,2012-01-06 14:55:52
Case8,Turning Q.C.,res_b09df969-8dee-4e5b-bfb3-b2e91c67882c,Role 1,2012-01-06 15:32:36,71,0,2012-01-06 15:32:36
Case33,Packing,res_0d1875c3-80e3-4d0d-bf7b-ac33326f853d,Role 3,2012-01-06 15:48:38,71,0,2012-01-06 15:48:38
Case24,Final Inspection Q.C.,res_fb941250-d079-4e8c-8bdc-c79f47471e3b,Role 1,2012-01-06 16:14:44,70,0,2012-01-06 16:14:44
Case24,Turning & Milling Q.C.,res_0c9e1edc-5031-465f-8b15-145067d092b8,Role 1,2012-01-06 16:14:48,70,0,2012-01-06 16:14:48
Case13,Turning & Milling,res_a7884ce0-d488-49c2-bbcb-06aba2c7aa0e,Role 2,2012-01-06 16:21:43,70,1,2012-01-06 16:21:43
Case24,Turning & Milling,res_a7884ce0-d488-49c2-bbcb-06aba2c7aa0e,Role 2,2012-01-06 16:26:57,70,0,2012-01-06 16:14:52
Case26,Final Inspection Q.C.,res_b09df969-8dee-4e5b-bfb3-b2e91c67882c,Role 1,2012-01-06 16:32:15,69,0,2012-01-06 16:32:15
Case26,Packing,res_f0c1998a-357d-4c38-bde7-4806fc537f66,Role 3,2012-01-06 16:32:19,69,0,2012-01-06 16:32:19
Case14,Laser Marking,res_eacd3f85-9c27-47cb-89b3-558011127427,Role 5,2012-01-06 17:15:34,68,0,2012-01-06 17:15:34
Case12,Laser Marking,res_eacd3f85-9c27-47cb-89b3-558011127427,Role 5,2012-01-06 17:21:23,68,0,2012-01-06 17:21:23
Case10,Turning & Milling Q.C.,res_fb941250-d079-4e8c-8bdc-c79f47471e3b,Role 1,2012-01-06 18:12:53,68,0,2012-01-06 18:12:53
Case83,Turning & Milling Q.C.,res_0c9e1edc-5031-465f-8b15-145067d092b8,Role 1,2012-01-06 18:43:11,69,0,2012-01-06 18:43:11
Case22,Final Inspection Q.C.,res_7aa8e275-2091-46aa-8eb5-dc6183b95719,Role 1,2012-01-06 18:57:34,69,0,2012-01-06 18:57:34
Case22,Turning & Milling Q.C.,res_b09df969-8dee-4e5b-bfb3-b2e91c67882c,Role 1,2012-01-06 18:57:38,69,0,2012-01-06 18:57:38
Case22,Grinding Rework,res_708681cb-572e-491e-b99d-76fb16bf20e7,Role 4,2012-01-06 19:08:09,69,0,2012-01-06 18:57:42
Case22,Final Inspection Q.C.,res_7aa8e275-2091-46aa-8eb5-dc6183b95719,Role 1,2012-01-06 19:28:31,69,0,2012-01-06 19:08:13
Case37,Packing,res_0d1875c3-80e3-4d0d-bf7b-ac33326f853d,Role 3,2012-01-06 19:42:20,69,1,2012-01-06 19:42:20
Case22,Packing,res_0d1875c3-80e3-4d0d-bf7b-ac33326f853d,Role 3,2012-01-06 19:47:31,69,0,2012-01-06 19:28:35
Case21,Lapping,res_f3606ac9-28bc-4857-aaa9-8e5e002f2c74,Role 2,2012-01-06 19:56:05,69,0,2012-01-06 19:56:05
Case21,Flat Grinding,res_eacd3f85-9c27-47cb-89b3-558011127427,Role 5,2012-01-06 19:56:09,69,0,2012-01-06 19:56:09
Case38,Grinding Rework,res_708681cb-572e-491e-b99d-76fb16bf20e7,Role 4,2012-01-06 20:02:35,69,0,2012-01-06 20:02:35
Case22,Round Grinding,res_708681cb-572e-491e-b99d-76fb16bf20e7,Role 6,2012-01-06 20:06:30,69,0,2012-01-06 19:47:35
Case21,Lapping,res_7aa8e275-2091-46aa-8eb5-dc6183b95719,Role 2,2012-01-06 20:12:45,69,0,2012-01-06 19:56:13
Case22,Final Inspection Q.C.,res_eacd3f85-9c27-47cb-89b3-558011127427,Role 1,2012-01-06 20:24:57,69,0,2012-01-06 20:06:34
Case21,Flat Grinding,res_eacd3f85-9c27-47cb-89b3-558011127427,Role 5,2012-01-06 20:35:35,69,0,2012-01-06 20:12:49
Case84,Turning & Milling,res_c7bd898a-1461-452f-95cf-240fa62aa442,Role 2,2012-01-06 20:47:29,69,0,2012-01-06 20:47:29
Case23,Final Inspection Q.C.,res_b09df969-8dee-4e5b-bfb3-b2e91c67882c,Role 1,2012-01-06 20:51:45,69,0,2012-01-06 20:51:45
Case23,Turning & Milling Q.C.,res_0c9e1edc-5031-465f-8b15-145067d092b8,Role 1,2012-01-06 20:51:49,69,0,2012-01-06 20:51:49
Case21,Lapping,res_f0c1998a-357d-4c38-bde7-4806fc537f66,Role 2,2012-01-06 20:55:00,68,0,2012-01-06 20:35:39
Case23,Packing,res_0c9e1edc-5031-465f-8b15-145067d092b8,Role 3,2012-01-06 21:04:14,69,0,2012-01-06 20:51:53
Case21,Turning & Milling Q.C.,res_0c9e1edc-5031-465f-8b15-145067d092b8,Role 1,2012-01-06 21:14:30,69,0,2012-01-06 20:55:04
Case38,Final Inspection Q.C.,res_b09df969-8dee-4e5b-bfb3-b2e91c67882c,Role 1,2012-01-06 21:17:07,69,1,2012-01-06 21:17:07
Case25,Packing,res_f0c1998a-357d-4c38-bde7-4806fc537f66,Role 3,2012-01-06 21:22:59,68,1,2012-01-06 21:22:59
Case25,Turning & Milling Q.C.,res_fb941250-d079-4e8c-8bdc-c79f47471e3b,Role 1,2012-01-06 21:23:03,68,0,2012-01-06 21:23:03
Case23,Final Inspection Q.C.,res_eacd3f85-9c27-47cb-89b3-558011127427,Role 1,2012-01-06 21:24:24,69,0,2012-01-06 21:04:18
Case21,Packing,res_eacd3f85-9c27-47cb-89b3-558011127427,Role 3,2012-01-06 21:33:42,69,0,2012-01-06 21:14:34
Case25,Flat Grinding,res_2fe39883-a0a3-49a7-9376-b9d1e15e6896,Role 5,2012-01-06 21:39:06,68,0,2012-01-06 21:23:07
Case21,Round Grinding,res_f3606ac9-28bc-4857-aaa9-8e5e002f2c74,Role 6,2012-01-06 21:52:22,67,0,2012-01-06 21:33:46
Case25,Lapping,res_0c9e1edc-5031-465f-8b15-145067d092b8,Role 2,2012-01-06 22:07:52,67,0,2012-01-06 21:39:10
Case21,Final Inspection Q.C.,res_0d1875c3-80e3-4d0d-bf7b-ac33326f853d,Role 1,2012-01-06 22:08:38,67,0,2012-01-06 21:52:26
Case25,Packing,res_0d1875c3-80e3-4d0d-bf7b-ac33326f853d,Role 3,2012-01-06 22:32:10,67,0,2012-01-06 22:07:56
Case25,Turning & Milling Q.C.,res_7aa8e275-2091-46aa-8eb5-dc6183b95719,Role 1,2012-01-06 22:55:13,66,0,2012-01-06 22:32:14
Case20,Final Inspection Q.C.,res_fb941250-d079-4e8c-8bdc-c79f47471e3b,Role 1,2012-01-06 22:59:08,66,0,2012-01-06 22:59:08
Case20,Turning & Milling Q.C.,res_0c9e1edc-5031-465f-8b15-145067d092b8,Role 1,2012-01-06 22:59:12,66,0,2012-01-06 22:59:12
Case20,Grinding Rework,res_708681cb-572e-491e-b99d-76fb16bf20e7,Role 4,2012-01-06 22:59:16,66,0,2012-01-06 22:59:16
Case19,Lapping,res_a7884ce0-d488-49c2-bbcb-06aba2c7aa0e,Role 2,2012-01-06 23:02:36,66,0,2012-01-06 23:02:36
Case19,Packing,res_0d1875c3-80e3-4d0d-bf7b-ac33326f853d,Role 3,2012-01-06 23:02:40,66,0,2012-01-06 23:02:40
Case19,Final Inspection Q.C.,res_b09df969-8dee-4e5b-bfb3-b2e91c67882c,Role 1,2012-01-06 23:02:44,66,1,2012-01-06 23:02:44
Case20,Final Inspection Q.C.,res_b09df969-8dee-4e5b-bfb3-b2e91c67882c,Role 1,2012-01-06 23:07:03,66,0,2012-01-06 22:59:20
Case85,Turning,res_209d71cd-525c-4bd3-80a5-294f454e45ae,Role 7,2012-01-06 23:13:37,65,0,2012-01-06 23:13:37
Case25,Laser Marking,res_209d71cd-525c-4bd3-80a5-294f454e45ae,Role 5,2012-01-06 23:15:21,66,0,2012-01-06 22:55:17
Case39,Packing,res_f0c1998a-357d-4c38-bde7-4806fc537f66,Role 3,2012-01-06 23:18:59,65,0,2012-01-06 23:18:59
Case40,Grinding Rework,res_708681cb-572e-491e-b99d-76fb16bf20e7,Role 4,2012-01-06 23:22:30,65,0,2012-01-06 23:22:30
Case25,Lapping,res_708681cb-572e-491e-b99d-76fb16bf20e7,Role 2,2012-01-06 23:30:49,65,0,2012-01-06 23:15:25
Case41,Laser Marking,res_eacd3f85-9c27-47cb-89b3-558011127427,Role 5,2012-01-06 23:34:15,65,0,2012-01-06 23:34:15
Case41,Lapping,res_a7884ce0-d488-49c2-bbcb-06aba2c7aa0e,Role 2,2012-01-06 23:34:19,65,0,2012-01-06 23:34:19
Case41,Turning & Milling Q.C.,res_b09df969-8dee-4e5b-bfb3-b2e91c67882c,Role 1,2012-01-06 23:34:23,65,1,2012-01-06 23:34:23
Case41,Packing,res_f0c1998a-357d-4c38-bde7-4806fc537f66,Role 3,2012-01-06 23:46:33,65,0,2012-01-06 23:34:27
Case25,Turning & Milling Q.C.,res_f0c1998a-357d-4c38-bde7-4806fc537f66,Role 1,2012-01-06 23:47:05,65,0,2012-01-06 23:30:53
Case42,Packing,res_f0c1998a-357d-4c38-bde7-4806fc537f66,Role 3,2012-01-07 00:01:28,64,0,2012-01-07 00:01:28
Case25,Laser Marking,res_f0c1998a-357d-4c38-bde7-4806fc537f66,Role 5,2012-01-07 00:01:49,64,0,2012-01-06 23:47:09
Case43,Turning & Milling,res_f3606ac9-28bc-4857-aaa9-8e5e002f2c74,Role 2,2012-01-07 00:03:28,64,0,2012-01-07 00:03:28
Case25,Lapping,res_f3606ac9-28bc-4857-aaa9-8e5e002f2c74,Role 2,2012-01-07 00:17:16,64,0,2012-01-07 00:01:53
Case25,Flat Grinding,res_eacd3f85-9c27-47cb-89b3-558011127427,Role 5,2012-01-07 00:35:53,64,0,2012-01-07 00:17:20
Case86,Turning & Milling Q.C.,res_fb941250-d079-4e8c-8bdc-c79f47471e3b,Role 1,2012-01-07 00:35:59,65,0,2012-01-07 00:35:59
Case40,Final Inspection Q.C.,res_b09df969-8dee-4e5b-bfb3-b2e91c67882c,Role 1,2012-01-07 00:52:39,65,0,2012-01-07 00:52:39
Case25,Lapping,res_b09df969-8dee-4e5b-bfb3-b2e91c67882c,Role 2,2012-01-07 01:01:11,64,0,2012-01-07 00:35:57
Case25,Flat Grinding,res_eacd3f85-9c27-47cb-89b3-558011127427,Role 5,2012-01-07 01:30:37,64,0,2012-01-07 01:01:15
Case39,Round Grinding,res_2fe39883-a0a3-49a7-9376-b9d1e15e6896,Role 6,2012-01-07 01:45:36,64,0,2012-01-07 01:45:36
Case44,Laser Marking,res_eacd3f85-9c27-47cb-89b3-558011127427,Role 5,2012-01-07 01:57:50,63,0,2012-01-07 01:57:50
Case25,Lapping,res_eacd3f85-9c27-47cb-89b3-558011127427,Role 2,2012-01-07 02:02:09,64,0,2012-01-07 01:30:41
Case87,Turning & Milling Q.C.,res_fb941250-d079-4e8c-8bdc-c79f47471e3b,Role 1,2012-01-07 02:08:18,64,0,2012-01-07 02:08:18
Case18,Final Inspection Q.C.,res_0c9e1edc-5031-465f-8b15-145067d092b8,Role 1,2012-01-07 02:32:17,64,0,2012-01-07 02:32:17
Case25,Flat Grinding,res_0c9e1edc-5031-465f-8b15-145067d092b8,Role 5,2012-01-07 02:33:12,63,0,2012-01-07 02:02:13
Case25,Lapping,res_a7884ce0-d488-49c2-bbcb-06aba2c7aa0e,Role 2,2012-01-07 03:04:23,63,0,2012-01-07 02:33:16
Case25,Flat Grinding,res_eacd3f85-9c27-47cb-89b3-558011127427,Role 5,2012-01-07 03:35:24,63,0,2012-01-07 03:04:27
Case46,Final Inspection Q.C.,res_0c9e1edc-5031-465f-8b15-145067d092b8,Role 1,2012-01-07 03:46:51,63,0,2012-01-07 03:46:51
Case57,Grinding Rework,res_708681cb-572e-491e-b99d-76fb16bf20e7,Role 4,2012-01-07 03:53:44,63,0,2012-01-07 03:53:44
Case25,Lapping,res_708681cb-572e-491e-b99d-76fb16bf20e7,Role 2,2012-01-07 04:06:28,63,0,2012-01-07 03:35:28
Case47,Packing,res_0d1875c3-80e3-4d0d-bf7b-ac33326f853d,Role 3,2012-01-07 04:09:28,63,0,2012-01-07 04:09:28
Case25,Flat Grinding,res_0d1875c3-80e3-4d0d-bf7b-ac33326f853d,Role 5,2012-01-07 04:37:05,63,0,2012-01-07 04:06:32
Case58,Grinding Rework,res_708681cb-572e-491e-b99d-76fb16bf20e7,Role 4,2012-01-07 04:40:43,63,0,2012-01-07 04:40:43
Case49,Turning & Milling,res_f3606ac9-28bc-4857-aaa9-8e5e002f2c74,Role 2,2012-01-07 04:55:24,63,0,2012-01-07 04:55:24
Case17,Turning & Milling Q.C.,res_7aa8e275-2091-46aa-8eb5-dc6183b95719,Role 1,2012-01-07 04:58:34,63,0,2012-01-07 04:58:34
Case17,Packing,res_f0c1998a-357d-4c38-bde7-4806fc537f66,Role 3,2012-01-07 04:58:38,63,0,2012-01-07 04:58:38
Case25,Lapping,res_2fe39883-a0a3-49a7-9376-b9d1e15e6896,Role 2,2012-01-07 05:07:53,63,0,2012-01-07 04:37:09
Case45,Turning & Milling Q.C.,res_7aa8e275-2091-46aa-8eb5-dc6183b95719,Role 1,2012-01-07 05:09:10,63,0,2012-01-07 05:09:10
Case17,Round Grinding,res_7aa8e275-2091-46aa-8eb5-dc6183b95719,Role 6,2012-01-07 05:15:50,63,0,2012-01-07 04:58:42
Case25,Flat Grinding,res_7aa8e275-2091-46aa-8eb5-dc6183b95719,Role 5,2012-01-07 05:42:33,63,0,2012-01-07 05:07:57
Case17,Final Inspection Q.C.,res_f3606ac9-28bc-4857-aaa9-8e5e002f2c74,Role 1,2012-01-07 05:47:35,63,0,2012-01-07 05:15:54
Case88,Turning & Milling,res_a7884ce0-d488-49c2-bbcb-06aba2c7aa0e,Role 2,2012-01-07 05:57:23,63,0,2012-01-07 05:57:23
Case59,Laser Marking,res_eacd3f85-9c27-47cb-89b3-558011127427,Role 5,2012-01-07 06:11:42,62,0,2012-01-07 06:11:42
Case25,Lapping,res_eacd3f85-9c27-47cb-89b3-558011127427,Role 2,2012-01-07 06:13:55,63,0,2012-01-07 05:42:37
Case89,Turning & Milling Q.C.,res_fb941250-d079-4e8c-8bdc-c79f47471e3b,Role 1,2012-01-07 06:28:27,63,0,2012-01-07 06:28:27
Case25,Flat Grinding,res_fb941250-d079-4e8c-8bdc-c79f47471e3b,Role 5,2012-01-07 06:44:40,62,0,2012-01-07 06:13:59
Case60,Packing,res_0d1875c3-80e3-4d0d-bf7b-ac33326f853d,Role 3,2012-01-07 06:56:50,63,0,2012-01-07 06:56:50
Case37,Round Grinding,res_2fe39883-a0a3-49a7-9376-b9d1e15e6896,Role 6,2012-01-07 07:14:17,63,0,2012-01-07 07:14:17
Case37,Final Inspection Q.C.,res_7aa8e275-2091-46aa-8eb5-dc6183b95719,Role 1,2012-01-07 07:14:21,63,0,2012-01-07 07:14:21
Case51,Packing,res_f0c1998a-357d-4c38-bde7-4806fc537f66,Role 3,2012-01-07 07:15:07,63,0,2012-01-07 07:15:07
Case25,Lapping,res_f0c1998a-357d-4c38-bde7-4806fc537f66,Role 2,2012-01-07 07:15:58,63,0,2012-01-07 06:44:44
Case15,Lapping,res_f3606ac9-28bc-4857-aaa9-8e5e002f2c74,Role 2,2012-01-07 07:34:51,63,0,2012-01-07 07:34:51
Case15,Turning & Milling Q.C.,res_7aa8e275-2091-46aa-8eb5-dc6183b95719,Role 1,2012-01-07 07:34:55,63,1,2012-01-07 07:34:55
Case37,Turning & Milling Q.C.,res_a7884ce0-d488-49c2-bbcb-06aba2c7aa0e,Role 1,2012-01-07 07:37:24,63,0,2012-01-07 07:14:25
Case25,Packing,res_f0c1998a-357d-4c38-bde7-4806fc537f66,Role 3,2012-01-07 07:46:49,63,0,2012-01-07 07:16:02
Case15,Turning & Milling,res_0c9e1edc-5031-465f-8b15-145067d092b8,Role 2,2012-01-07 07:55:36,63,0,2012-01-07 07:34:59
Case37,Packing,res_eacd3f85-9c27-47cb-89b3-558011127427,Role 3,2012-01-07 08:11:48,63,1,2012-01-07 07:37:28
Case25,Final Inspection Q.C.,res_b09df969-8dee-4e5b-bfb3-b2e91c67882c,Role 1,2012-01-07 08:20:15,63,0,2012-01-07 07:46:53
Case61,Laser Marking,res_eacd3f85-9c27-47cb-89b3-558011127427,Role 5,2012-01-07 08:23:02,63,1,2012-01-07 08:23:02
Case15,Laser Marking,res_eacd3f85-9c27-47cb-89b3-558011127427,Role 5,2012-01-07 08:36:04,63,0,2012-01-07 07:55:40
Case50,Turning & Milling Q.C.,res_0c9e1edc-5031-465f-8b15-145067d092b8,Role 1,2012-01-07 08:42:19,63,2,2012-01-07 08:42:19
Case37,Turning & Milling Q.C.,res_0c9e1edc-5031-465f-8b15-145067d092b8,Role 1,2012-01-07 08:44:15,63,0,2012-01-07 08:11:52
Case25,Turning & Milling Q.C.,res_f3606ac9-28bc-4857-aaa9-8e5e002f2c74,Role 1,2012-01-07 08:52:11,63,1,2012-01-07 08:20:19
Case54,Packing,res_f0c1998a-357d-4c38-bde7-4806fc537f66,Role 3,2012-01-07 09:11:25,63,0,2012-01-07 09:11:25
Case15,Lapping,res_f0c1998a-357d-4c38-bde7-4806fc537f66,Role 2,2012-01-07 09:15:32,63,0,2012-01-07 08:36:08
Case37,Turning & Milling,res_eacd3f85-9c27-47cb-89b3-558011127427,Role 2,2012-01-07 09:15:50,63,0,2012-01-07 08:44:19
Case53,Laser Marking,res_eacd3f85-9c27-47cb-89b3-558011127427,Role 5,2012-01-07 09:18:21,63,1,2012-01-07 09:18:21
Case25,Grinding Rework,res_eacd3f85-9c27-47cb-89b3-558011127427,Role 4,2012-01-07 09:24:23,63,0,2012-01-07 08:52:15
Case37,Laser Marking,res_0c9e1edc-5031-465f-8b15-145067d092b8,Role 5,2012-01-07 09:47:56,63,0,2012-01-07 09:15:54
Case90,Turning & Milling,res_c7bd898a-1461-452f-95cf-240fa62aa442,Role 2,2012-01-07 09:51:30,64,0,2012-01-07 09:51:30
Case52,Turning Q.C.,res_b09df969-8dee-4e5b-bfb3-b2e91c67882c,Role 1,2012-01-07 09:52:17,64,0,2012-01-07 09:52:17
Case25,Final Inspection Q.C.,res_b09df969-8dee-4e5b-bfb3-b2e91c67882c,Role 1,2012-01-07 09:54:50,63,0,2012-01-07 09:24:27
Case15,Flat Grinding,res_b09df969-8dee-4e5b-bfb3-b2e91c67882c,Role 5,2012-01-07 09:56:58,63,0,2012-01-07 09:15:36
Case37,Lapping,res_f3606ac9-28bc-4857-aaa9-8e5e002f2c74,Role 2,2012-01-07 10:15:06,63,0,2012-01-07 09:48:00
Case16,Laser Marking,res_eacd3f85-9c27-47cb-89b3-558011127427,Role 5,2012-01-07 10:19:13,64,0,2012-01-07 10:19:13
Case16,Final Inspection Q.C.,res_7aa8e275-2091-46aa-8eb5-dc6183b95719,Role 1,2012-01-07 10:19:17,64,0,2012-01-07 10:19:17
Case25,Turning & Milling Q.C.,res_0d1875c3-80e3-4d0d-bf7b-ac33326f853d,Role 1,2012-01-07 10:22:00,64,0,2012-01-07 09:54:54
Case55,Laser Marking,res_eacd3f85-9c27-47cb-89b3-558011127427,Role 5,2012-01-07 10:22:24,64,0,2012-01-07 10:22:24
Case15,Lapping,res_eacd3f85-9c27-47cb-89b3-558011127427,Role 2,2012-01-07 10:37:33,64,1,2012-01-07 09:57:02
Case16,Packing,res_f0c1998a-357d-4c38-bde7-4806fc537f66,Role 3,2012-01-07 10:38:50,64,0,2012-01-07 10:19:21
Case37,Turning & Milling Q.C.,res_f0c1998a-357d-4c38-bde7-4806fc537f66,Role 1,2012-01-07 10:43:43,64,1,2012-01-07 10:15:10
Case25,Grinding Rework,res_708681cb-572e-491e-b99d-76fb16bf20e7,Role 4,2012-01-07 10:47:11,64,0,2012-01-07 10:22:04
Case37,Grinding Rework,res_b09df969-8dee-4e5b-bfb3-b2e91c67882c,Role 4,2012-01-07 11:17:53,63,1,2012-01-07 10:43:47
Case25,Final Inspection Q.C.,res_7aa8e275-2091-46aa-8eb5-dc6183b95719,Role 1,2012-01-07 11:19:29,63,0,2012-01-07 10:47:15
Case15,Packing,res_7aa8e275-2091-46aa-8eb5-dc6183b95719,Role 3,2012-01-07 11:20:12,64,1,2012-01-07 10:37:37
Case56,Final Inspection Q.C.,res_b09df969-8dee-4e5b-bfb3-b2e91c67882c,Role 1,2012-01-07 11:27:20,62,1,2012-01-07 11:27:20
Case62,Laser Marking,res_eacd3f85-9c27-47cb-89b3-558011127427,Role 5,2012-01-07 11:44:14,61,0,2012-01-07 11:44:14
Case37,Final Inspection Q.C.,res_eacd3f85-9c27-47cb-89b3-558011127427,Role 1,2012-01-07 11:51:41,63,1,2012-01-07 11:17:57
Case15,Round Grinding,res_0c9e1edc-5031-465f-8b15-145067d092b8,Role 6,2012-01-07 11:58:18,62,0,2012-01-07 11:20:16
Case63,Turning & Milling,res_a7884ce0-d488-49c2-bbcb-06aba2c7aa0e,Role 2,2012-01-07 12:22:45,61,0,2012-01-07 12:22:45
Case91,Turning,res_209d71cd-525c-4bd3-80a5-294f454e45ae,Role 7,2012-01-07 12:27:02,62,0,2012-01-07 12:27:02
Case37,Turning & Milling Q.C.,res_209d71cd-525c-4bd3-80a5-294f454e45ae,Role 1,2012-01-07 12:29:47,61,0,2012-01-07 11:51:45
Case15,Final Inspection Q.C.,res_eacd3f85-9c27-47cb-89b3-558011127427,Role 1,2012-01-07 12:34:10,61,0,2012-01-07 11:58:22
Case57,Final Inspection Q.C.,res_7aa8e275-2091-46aa-8eb5-dc6183b95719,Role 1,2012-01-07 12:50:21,61,0,2012-01-07 12:50:21
Case37,Laser Marking,res_7aa8e275-2091-46aa-8eb5-dc6183b95719,Role 5,2012-01-07 13:06:13,62,0,2012-01-07 12:29:51
Case58,Final Inspection Q.C.,res_fb941250-d079-4e8c-8bdc-c79f47471e3b,Role 1,2012-01-07 13:24:31,60,0,2012-01-07 13:24:31
Case37,Lapping,res_fb941250-d079-4e8c-8bdc-c79f47471e3b,Role 2,2012-01-07 13:40:46,60,0,2012-01-07 13:06:17
Case92,Turning & Milling Q.C.,res_7aa8e275-2091-46aa-8eb5-dc6183b95719,Role 1,2012-01-07 13:44:13,60,0,2012-01-07 13:44:13
Case93,Turning & Milling Q.C.,res_fb941250-d079-4e8c-8bdc-c79f47471e3b,Role 1,2012-01-07 14:10:43,61,0,2012-01-07 14:10:43
Case37,Packing,res_fb941250-d079-4e8c-8bdc-c79f47471e3b,Role 3,2012-01-07 14:12:51,59,0,2012-01-07 13:40:50
Case59,Lapping,res_a7884ce0-d488-49c2-bbcb-06aba2c7aa0e,Role 2,2012-01-07 14:14:52,61,0,2012-01-07 14:14:52
Case37,Round Grinding,res_a7884ce0-d488-49c2-bbcb-06aba2c7aa0e,Role 6,2012-01-07 14:42:51,61,0,2012-01-07 14:12:55
Case60,Final Inspection Q.C.,res_7aa8e275-2091-46aa-8eb5-dc6183b95719,Role 1,2012-01-07 15:02:37,60,1,2012-01-07 15:02:37
Case60,Turning & Milling Q.C.,res_b09df969-8dee-4e5b-bfb3-b2e91c67882c,Role 1,2012-01-07 15:02:41,60,0,2012-01-07 15:02:41
Case37,Final Inspection Q.C.,res_f0c1998a-357d-4c38-bde7-4806fc537f66,Role 1,2012-01-07 15:13:52,60,0,2012-01-07 14:42:55
Case94,Turning & Milling Q.C.,res_b09df969-8dee-4e5b-bfb3-b2e91c67882c,Role 1,2012-01-07 15:19:35,61,0,2012-01-07 15:19:35
Case65,Laser Marking,res_eacd3f85-9c27-47cb-89b3-558011127427,Role 5,2012-01-07 15:29:28,61,0,2012-01-07 15:29:28
Case60,Packing,res_eacd3f85-9c27-47cb-89b3-558011127427,Role 3,2012-01-07 15:38:20,60,0,2012-01-07 15:02:45
Case61,Lapping,res_a7884ce0-d488-49c2-bbcb-06aba2c7aa0e,Role 2,2012-01-07 15:41:28,61,0,2012-01-07 15:41:28
Case61,Flat Grinding,res_eacd3f85-9c27-47cb-89b3-558011127427,Role 5,2012-01-07 15:41:32,61,0,2012-01-07 15:41:32
Case37,Packing,res_c7bd898a-1461-452f-95cf-240fa62aa442,Role 3,2012-01-07 15:44:00,60,1,2012-01-07 15:13:56
Case60,Final Inspection Q.C.,res_b09df969-8dee-4e5b-bfb3-b2e91c67882c,Role 1,2012-01-07 16:10:19,61,0,2012-01-07 15:38:24
Case37,Turning & Milling Q.C.,res_0c9e1edc-5031-465f-8b15-145067d092b8,Role 1,2012-01-07 16:14:44,61,0,2012-01-07 15:44:04
Case61,Lapping,res_f0c1998a-357d-4c38-bde7-4806fc537f66,Role 2,2012-01-07 16:19:42,61,0,2012-01-07 15:41:36
Case64,Turning & Milling Q.C.,res_0c9e1edc-5031-465f-8b15-145067d092b8,Role 1,2012-01-07 16:28:05,61,2,2012-01-07 16:28:05
Case60,Turning & Milling Q.C.,res_0c9e1edc-5031-465f-8b15-145067d092b8,Role 1,2012-01-07 16:42:59,61,1,2012-01-07 16:10:23
Case37,Packing,res_0d1875c3-80e3-4d0d-bf7b-ac33326f853d,Role 3,2012-01-07 16:46:16,61,0,2012-01-07 16:14:48
Case45,Turning & Milling,res_a7884ce0-d488-49c2-bbcb-06aba2c7aa0e,Role 2,2012-01-07 16:57:37,60,0,2012-01-07 16:57:37
Case45,Laser Marking,res_eacd3f85-9c27-47cb-89b3-558011127427,Role 5,2012-01-07 16:57:41,60,0,2012-01-07 16:57:41
Case61,Turning & Milling Q.C.,res_7aa8e275-2091-46aa-8eb5-dc6183b95719,Role 1,2012-01-07 16:57:48,61,1,2012-01-07 16:19:46
Case95,Round Grinding,res_2fe39883-a0a3-49a7-9376-b9d1e15e6896,Role 6,2012-01-07 17:14:46,61,0,2012-01-07 17:14:46
Case60,Packing,res_2fe39883-a0a3-49a7-9376-b9d1e15e6896,Role 3,2012-01-07 17:18:42,61,1,2012-01-07 16:43:03
Case45,Final Inspection Q.C.,res_7aa8e275-2091-46aa-8eb5-dc6183b95719,Role 1,2012-01-07 17:26:12,60,0,2012-01-07 16:57:45
Case61,Grinding Rework,res_b09df969-8dee-4e5b-bfb3-b2e91c67882c,Role 4,2012-01-07 17:37:35,60,0,2012-01-07 16:57:52
Case60,Turning & Milling Q.C.,res_b09df969-8dee-4e5b-bfb3-b2e91c67882c,Role 1,2012-01-07 17:56:22,61,0,2012-01-07 17:18:46
Case42,Final Inspection Q.C.,res_0c9e1edc-5031-465f-8b15-145067d092b8,Role 1,2012-01-07 17:59:29,61,1,2012-01-07 17:59:29
Case45,Turning & Milling Q.C.,res_0c9e1edc-5031-465f-8b15-145067d092b8,Role 1,2012-01-07 18:04:04,61,1,2012-01-07 17:26:16
Case53,Lapping,res_a7884ce0-d488-49c2-bbcb-06aba2c7aa0e,Role 2,2012-01-07 18:11:09,60,0,2012-01-07 18:11:09
Case53,Turning & Milling Q.C.,res_0c9e1edc-5031-465f-8b15-145067d092b8,Role 1,2012-01-07 18:11:13,60,0,2012-01-07 18:11:13
Case47,Final Inspection Q.C.,res_7aa8e275-2091-46aa-8eb5-dc6183b95719,Role 1,2012-01-07 18:14:57,60,1,2012-01-07 18:14:57
Case61,Final Inspection Q.C.,res_7aa8e275-2091-46aa-8eb5-dc6183b95719,Role 1,2012-01-07 18:16:20,61,0,2012-01-07 17:37:39
Case66,Laser Marking,res_eacd3f85-9c27-47cb-89b3-558011127427,Role 5,2012-01-07 18:23:30,58,0,2012-01-07 18:23:30
Case60,Packing,res_eacd3f85-9c27-47cb-89b3-558011127427,Role 3,2012-01-07 18:30:53,61,0,2012-01-07 17:56:26
Case54,Turning & Milling Q.C.,res_7aa8e275-2091-46aa-8eb5-dc6183b95719,Role 1,2012-01-07 18:40:19,58,0,2012-01-07 18:40:19
Case54,Packing,res_0d1875c3-80e3-4d0d-bf7b-ac33326f853d,Role 3,2012-01-07 18:40:23,58,2,2012-01-07 18:40:23
Case45,Packing,res_fb941250-d079-4e8c-8bdc-c79f47471e3b,Role 3,2012-01-07 18:44:23,60,1,2012-01-07 18:04:08
Case53,Packing,res_7aa8e275-2091-46aa-8eb5-dc6183b95719,Role 3,2012-01-07 18:48:18,60,2,2012-01-07 18:11:17
Case96,Turning & Milling,res_a7884ce0-d488-49c2-bbcb-06aba2c7aa0e,Role 2,2012-01-07 18:55:22,59,0,2012-01-07 18:55:22
Case67,Packing,res_f0c1998a-357d-4c38-bde7-4806fc537f66,Role 3,2012-01-07 18:58:46,58,0,2012-01-07 18:58:46
Case60,Final Inspection Q.C.,res_f0c1998a-357d-4c38-bde7-4806fc537f66,Role 1,2012-01-07 19:05:04,58,0,2012-01-07 18:30:57
Case54,Turning & Milling Q.C.,res_7aa8e275-2091-46aa-8eb5-dc6183b95719,Role 1,2012-01-07 19:19:53,58,0,2012-01-07 18:40:27
Case45,Final Inspection Q.C.,res_708681cb-572e-491e-b99d-76fb16bf20e7,Role 1,2012-01-07 19:22:45,58,1,2012-01-07 18:44:27
Case53,Round Grinding,res_0c9e1edc-5031-465f-8b15-145067d092b8,Role 6,2012-01-07 19:28:12,58,0,2012-01-07 18:48:22
Case43,Laser Marking,res_eacd3f85-9c27-47cb-89b3-558011127427,Role 5,2012-01-07 19:32:36,58,0,2012-01-07 19:32:36
Case43,Lapping,res_c7bd898a-1461-452f-95cf-240fa62aa442,Role 2,2012-01-07 19:32:40,58,0,2012-01-07 19:32:40
Case68,Grinding Rework,res_708681cb-572e-491e-b99d-76fb16bf20e7,Role 4,2012-01-07 19:37:01,58,1,2012-01-07 19:37:01
Case60,Turning & Milling Q.C.,res_708681cb-572e-491e-b99d-76fb16bf20e7,Role 1,2012-01-07 19:45:16,58,1,2012-01-07 19:05:08
Case43,Packing,res_f0c1998a-357d-4c38-bde7-4806fc537f66,Role 3,2012-01-07 20:02:46,58,0,2012-01-07 19:32:44
Case45,Turning & Milling Q.C.,res_f0c1998a-357d-4c38-bde7-4806fc537f66,Role 1,2012-01-07 20:04:34,58,1,2012-01-07 19:22:49
Case54,Grinding Rework,res_708681cb-572e-491e-b99d-76fb16bf20e7,Role 4,2012-01-07 20:06:08,58,0,2012-01-07 19:19:57
Case53,Final Inspection Q.C.,res_fb941250-d079-4e8c-8bdc-c79f47471e3b,Role 1,2012-01-07 20:10:38,58,0,2012-01-07 19:28:16
Case44,Lapping,res_a7884ce0-d488-49c2-bbcb-06aba2c7aa0e,Role 2,2012-01-07 20:11:58,56,0,2012-01-07 20:11:58
Case44,Turning & Milling Q.C.,res_0c9e1edc-5031-465f-8b15-145067d092b8,Role 1,2012-01-07 20:12:02,56,0,2012-01-07 20:12:02
Case60,Packing,res_f0c1998a-357d-4c38-bde7-4806fc537f66,Role 3,2012-01-07 20:27:20,58,1,2012-01-07 19:45:20
Case97,Turning & Milling Q.C.,res_7aa8e275-2091-46aa-8eb5-dc6183b95719,Role 1,2012-01-07 20:34:15,57,0,2012-01-07 20:34:15
Case45,Grinding Rework,res_7aa8e275-2091-46aa-8eb5-dc6183b95719,Role 4,2012-01-07 20:42:07,57,1,2012-01-07 20:04:38
Case44,Packing,res_fb941250-d079-4e8c-8bdc-c79f47471e3b,Role 3,2012-01-07 20:46:46,56,1,2012-01-07 20:12:06
Case54,Final Inspection Q.C.,res_7aa8e275-2091-46aa-8eb5-dc6183b95719,Role 1,2012-01-07 20:48:25,57,1,2012-01-07 20:06:12
Case62,Lapping,res_c7bd898a-1461-452f-95cf-240fa62aa442,Role 2,2012-01-07 21:00:59,56,0,2012-01-07 21:00:59
Case49,Laser Marking,res_eacd3f85-9c27-47cb-89b3-558011127427,Role 5,2012-01-07 21:02:01,56,0,2012-01-07 21:02:01
Case62,Flat Grinding,res_eacd3f85-9c27-47cb-89b3-558011127427,Role 5,2012-01-07 21:02:02,56,0,2012-01-07 21:01:03
Case49,Lapping,res_c7bd898a-1461-452f-95cf-240fa62aa442,Role 2,2012-01-07 21:02:05,56,0,2012-01-07 21:02:05
Case60,Round Grinding,res_fb941250-d079-4e8c-8bdc-c79f47471e3b,Role 6,2012-01-07 21:06:40,56,0,2012-01-07 20:27:24
Case63,Laser Marking,res_eacd3f85-9c27-47cb-89b3-558011127427,Role 5,2012-01-07 21:09:33,56,0,2012-01-07 21:09:33
Case63,Lapping,res_a7884ce0-d488-49c2-bbcb-06aba2c7aa0e,Role 2,2012-01-07 21:09:37,56,1,2012-01-07 21:09:37
Case98,Turning & Milling,res_c7bd898a-1461-452f-95cf-240fa62aa442,Role 2,2012-01-07 21:19:17,57,0,2012-01-07 21:19:17
Case45,Final Inspection Q.C.,res_c7bd898a-1461-452f-95cf-240fa62aa442,Role 1,2012-01-07 21:20:29,57,1,2012-01-07 20:42:11
Case44,Final Inspection Q.C.,res_c7bd898a-1461-452f-95cf-240fa62aa442,Role 1,2012-01-07 21:27:44,57,2,2012-01-07 20:46:50
Case49,Turning & Milling Q.C.,res_b09df969-8dee-4e5b-bfb3-b2e91c67882c,Role 1,2012-01-07 21:32:11,56,0,2012-01-07 21:02:09
Case69,Laser Marking,res_eacd3f85-9c27-47cb-89b3-558011127427,Role 5,2012-01-07 21:38:22,56,0,2012-01-07 21:38:22
Case60,Final Inspection Q.C.,res_eacd3f85-9c27-47cb-89b3-558011127427,Role 1,2012-01-07 21:40:57,56,2,2012-01-07 21:06:44
Case62,Lapping,res_eacd3f85-9c27-47cb-89b3-558011127427,Role 2,2012-01-07 21:42:59,56,0,2012-01-07 21:02:06
Case63,Turning & Milling Q.C.,res_0d1875c3-80e3-4d0d-bf7b-ac33326f853d,Role 1,2012-01-07 21:47:12,56,1,2012-01-07 21:09:41
Case44,Turning & Milling Q.C.,res_f0c1998a-357d-4c38-bde7-4806fc537f66,Role 1,2012-01-07 22:01:25,56,2,2012-01-07 21:27:48
Case49,Packing,res_708681cb-572e-491e-b99d-76fb16bf20e7,Role 3,2012-01-07 22:01:32,56,0,2012-01-07 21:32:15
Case70,Packing,res_f0c1998a-357d-4c38-bde7-4806fc537f66,Role 3,2012-01-07 22:06:38,55,2,2012-01-07 22:06:38
Case62,Packing,res_f0c1998a-357d-4c38-bde7-4806fc537f66,Role 3,2012-01-07 22:15:44,55,1,2012-01-07 21:43:03
Case63,Packing,res_f0c1998a-357d-4c38-bde7-4806fc537f66,Role 3,2012-01-07 22:23:14,55,2,2012-01-07 21:47:16
Case49,Round Grinding,res_f0c1998a-357d-4c38-bde7-4806fc537f66,Role 6,2012-01-07 22:31:38,55,0,2012-01-07 22:01:36
Case44,Grinding Rework,res_fb941250-d079-4e8c-8bdc-c79f47471e3b,Role 4,2012-01-07 22:32:01,55,0,2012-01-07 22:01:29
Case44,Final Inspection Q.C.,res_fb941250-d079-4e8c-8bdc-c79f47471e3b,Role 1,2012-01-07 23:00:14,53,1,2012-01-07 22:32:05
Case49,Final Inspection Q.C.,res_7aa8e275-2091-46aa-8eb5-dc6183b95719,Role 1,2012-01-07 23:06:33,53,0,2012-01-07 22:31:42
Case99,Turning & Milling,res_a7884ce0-d488-49c2-bbcb-06aba2c7aa0e,Role 2,2012-01-07 23:11:12,53,0,2012-01-07 23:11:12
Case55,Lapping,res_a7884ce0-d488-49c2-bbcb-06aba2c7aa0e,Role 2,2012-01-07 23:22:38,52,0,2012-01-07 23:22:38
Case55,Packing,res_0d1875c3-80e3-4d0d-bf7b-ac33326f853d,Role 3,2012-01-07 23:22:42,52,0,2012-01-07 23:22:42
Case44,Turning & Milling Q.C.,res_7aa8e275-2091-46aa-8eb5-dc6183b95719,Role 1,2012-01-07 23:25:17,53,0,2012-01-07 23:00:18
Case51,Round Grinding,res_2fe39883-a0a3-49a7-9376-b9d1e15e6896,Role 6,2012-01-07 23:38:26,52,0,2012-01-07 23:38:26
Case51,Final Inspection Q.C.,res_b09df969-8dee-4e5b-bfb3-b2e91c67882c,Role 1,2012-01-07 23:38:30,52,1,2012-01-07 23:38:30
Case46,Turning & Milling Q.C.,res_fb941250-d079-4e8c-8bdc-c79f47471e3b,Role 1,2012-01-07 23:40:19,52,1,2012-01-07 23:40:19
Case46,Packing,res_0d1875c3-80e3-4d0d-bf7b-ac33326f853d,Role 3,2012-01-07 23:40:23,52,0,2012-01-07 23:40:23
Case44,Turning & Milling,res_7aa8e275-2091-46aa-8eb5-dc6183b95719,Role 2,2012-01-07 23:51:27,52,0,2012-01-07 23:25:21
Case55,Final Inspection Q.C.,res_7aa8e275-2091-46aa-8eb5-dc6183b95719,Role 1,2012-01-07 23:54:05,52,0,2012-01-07 23:22:46
Case51,Turning & Milling Q.C.,res_7aa8e275-2091-46aa-8eb5-dc6183b95719,Role 1,2012-01-08 00:06:18,52,0,2012-01-07 23:38:34
Case46,Final Inspection Q.C.,res_c7bd898a-1461-452f-95cf-240fa62aa442,Role 1,2012-01-08 00:06:30,52,1,2012-01-07 23:40:27
Case100,Turning & Milling Q.C.,res_7aa8e275-2091-46aa-8eb5-dc6183b95719,Role 1,2012-01-08 00:09:52,51,1,2012-01-08 00:09:52
Case51,Turning & Milling,res_7aa8e275-2091-46aa-8eb5-dc6183b95719,Role 2,2012-01-08 00:29:40,50,0,2012-01-08 00:06:22
Case46,Turning & Milling Q.C.,res_eacd3f85-9c27-47cb-89b3-558011127427,Role 1,2012-01-08 00:30:18,50,0,2012-01-08 00:06:34
Case51,Laser Marking,res_0d1875c3-80e3-4d0d-bf7b-ac33326f853d,Role 5,2012-01-08 00:44:16,51,0,2012-01-08 00:29:44
Case46,Packing,res_f3606ac9-28bc-4857-aaa9-8e5e002f2c74,Role 3,2012-01-08 00:45:55,51,0,2012-01-08 00:30:22
Case52,Laser Marking,res_eacd3f85-9c27-47cb-89b3-558011127427,Role 5,2012-01-08 01:00:20,51,0,2012-01-08 01:00:20
Case52,Final Inspection Q.C.,res_fb941250-d079-4e8c-8bdc-c79f47471e3b,Role 1,2012-01-08 01:00:24,51,1,2012-01-08 01:00:24
Case51,Lapping,res_fb941250-d079-4e8c-8bdc-c79f47471e3b,Role 2,2012-01-08 01:01:00,51,0,2012-01-08 00:44:20
Case46,Final Inspection Q.C.,res_b09df969-8dee-4e5b-bfb3-b2e91c67882c,Role 1,2012-01-08 01:01:50,51,0,2012-01-08 00:45:59
Case101,Turning,res_209d71cd-525c-4bd3-80a5-294f454e45ae,Role 7,2012-01-08 01:08:58,51,0,2012-01-08 01:08:58
Case46,Turning & Milling Q.C.,res_209d71cd-525c-4bd3-80a5-294f454e45ae,Role 1,2012-01-08 01:18:21,50,1,2012-01-08 01:01:54
Case51,Turning & Milling Q.C.,res_708681cb-572e-491e-b99d-76fb16bf20e7,Role 1,2012-01-08 01:23:01,50,0,2012-01-08 01:01:04
Case46,Grinding Rework,res_0d1875c3-80e3-4d0d-bf7b-ac33326f853d,Role 4,2012-01-08 01:37:39,51,0,2012-01-08 01:18:25
Case51,Packing,res_0c9e1edc-5031-465f-8b15-145067d092b8,Role 3,2012-01-08 01:51:33,51,0,2012-01-08 01:23:05
Case46,Final Inspection Q.C.,res_b09df969-8dee-4e5b-bfb3-b2e91c67882c,Role 1,2012-01-08 01:56:57,51,0,2012-01-08 01:37:43
Case51,Final Inspection Q.C.,res_7aa8e275-2091-46aa-8eb5-dc6183b95719,Role 1,2012-01-08 02:19:19,51,1,2012-01-08 01:51:37
Case68,Final Inspection Q.C.,res_b09df969-8dee-4e5b-bfb3-b2e91c67882c,Role 1,2012-01-08 02:19:49,50,0,2012-01-08 02:19:49
Case46,Turning & Milling Q.C.,res_b09df969-8dee-4e5b-bfb3-b2e91c67882c,Role 1,2012-01-08 02:20:41,51,0,2012-01-08 01:57:01
Case46,Turning & Milling,res_c7bd898a-1461-452f-95cf-240fa62aa442,Role 2,2012-01-08 02:44:04,49,0,2012-01-08 02:20:45
Case46,Laser Marking,res_eacd3f85-9c27-47cb-89b3-558011127427,Role 5,2012-01-08 03:10:06,49,0,2012-01-08 02:44:08
Case46,Final Inspection Q.C.,res_fb941250-d079-4e8c-8bdc-c79f47471e3b,Role 1,2012-01-08 03:34:39,49,0,2012-01-08 03:10:10
Case50,Turning & Milling,res_f3606ac9-28bc-4857-aaa9-8e5e002f2c74,Role 2,2012-01-08 03:50:17,49,0,2012-01-08 03:50:17
Case46,Packing,res_f3606ac9-28bc-4857-aaa9-8e5e002f2c74,Role 3,2012-01-08 03:58:41,49,0,2012-01-08 03:34:43
Case46,Final Inspection Q.C.,res_0c9e1edc-5031-465f-8b15-145067d092b8,Role 1,2012-01-08 04:20:16,48,0,2012-01-08 03:58:45
Case72,Turning & Milling,res_a7884ce0-d488-49c2-bbcb-06aba2c7aa0e,Role 2,2012-01-08 04:27:57,48,0,2012-01-08 04:27:57
Case46,Packing,res_a7884ce0-d488-49c2-bbcb-06aba2c7aa0e,Role 3,2012-01-08 04:42:24,48,0,2012-01-08 04:20:20
Case102,Turning & Milling Q.C.,res_fb941250-d079-4e8c-8bdc-c79f47471e3b,Role 1,2012-01-08 04:52:09,49,0,2012-01-08 04:52:09
Case46,Round Grinding,res_fb941250-d079-4e8c-8bdc-c79f47471e3b,Role 6,2012-01-08 05:03:45,48,0,2012-01-08 04:42:28
Case73,Grinding Rework,res_708681cb-572e-491e-b99d-76fb16bf20e7,Role 4,2012-01-08 05:20:02,49,0,2012-01-08 05:20:02
Case73,Final Inspection Q.C.,res_7aa8e275-2091-46aa-8eb5-dc6183b95719,Role 1,2012-01-08 05:20:06,49,1,2012-01-08 05:20:06
Case46,Final Inspection Q.C.,res_7aa8e275-2091-46aa-8eb5-dc6183b95719,Role 1,2012-01-08 05:24:51,49,0,2012-01-08 05:03:49
Case46,Packing,res_0d1875c3-80e3-4d0d-bf7b-ac33326f853d,Role 3,2012-01-08 05:45:27,48,0,2012-01-08 05:24:55
Case46,Round Grinding,res_2fe39883-a0a3-49a7-9376-b9d1e15e6896,Role 6,2012-01-08 06:05:53,48,0,2012-01-08 05:45:31
Case46,Final Inspection Q.C.,res_b09df969-8dee-4e5b-bfb3-b2e91c67882c,Role 1,2012-01-08 06:26:21,48,0,2012-01-08 06:05:57
Case103,Turning & Milling Q.C.,res_b09df969-8dee-4e5b-bfb3-b2e91c67882c,Role 1,2012-01-08 06:31:23,49,1,2012-01-08 06:31:23
Case67,Turning & Milling Q.C.,res_0c9e1edc-5031-465f-8b15-145067d092b8,Role 1,2012-01-08 06:39:33,49,1,2012-01-08 06:39:33
Case67,Grinding Rework,res_708681cb-572e-491e-b99d-76fb16bf20e7,Role 4,2012-01-08 06:39:37,49,0,2012-01-08 06:39:37
Case46,Turning & Milling Q.C.,res_7aa8e275-2091-46aa-8eb5-dc6183b95719,Role 1,2012-01-08 06:46:59,48,0,2012-01-08 06:26:25
Case46,Packing,res_0d1875c3-80e3-4d0d-bf7b-ac33326f853d,Role 3,2012-01-08 07:07:13,49,0,2012-01-08 06:47:03
Case67,Final Inspection Q.C.,res_b09df969-8dee-4e5b-bfb3-b2e91c67882c,Role 1,2012-01-08 07:11:29,49,0,2012-01-08 06:39:41
Case46,Turning & Milling Q.C.,res_b09df969-8dee-4e5b-bfb3-b2e91c67882c,Role 1,2012-01-08 07:27:34,49,0,2012-01-08 07:07:17
Case46,Packing,res_f0c1998a-357d-4c38-bde7-4806fc537f66,Role 3,2012-01-08 07:48:24,48,0,2012-01-08 07:27:38
Case46,Turning & Milling Q.C.,res_0c9e1edc-5031-465f-8b15-145067d092b8,Role 1,2012-01-08 08:09:57,48,0,2012-01-08 07:48:28
Case74,Packing,res_f0c1998a-357d-4c38-bde7-4806fc537f66,Role 3,2012-01-08 08:16:21,48,1,2012-01-08 08:16:21
Case46,Packing,res_f0c1998a-357d-4c38-bde7-4806fc537f66,Role 3,2012-01-08 08:32:38,48,0,2012-01-08 08:10:01
Case104,Turning & Milling Q.C.,res_0c9e1edc-5031-465f-8b15-145067d092b8,Role 1,2012-01-08 08:40:18,49,0,2012-01-08 08:40:18
Case46,Final Inspection Q.C.,res_0c9e1edc-5031-465f-8b15-145067d092b8,Role 1,2012-01-08 08:54:41,48,0,2012-01-08 08:32:42
Case74,Turning & Milling Q.C.,res_7aa8e275-2091-46aa-8eb5-dc6183b95719,Role 1,2012-01-08 09:01:27,48,0,2012-01-08 09:01:27
Case74,Packing,res_0d1875c3-80e3-4d0d-bf7b-ac33326f853d,Role 3,2012-01-08 09:01:31,48,0,2012-01-08 09:01:31
Case64,Packing,res_0d1875c3-80e3-4d0d-bf7b-ac33326f853d,Role 3,2012-01-08 09:57:02,47,0,2012-01-08 09:57:02
Case75,Laser Marking,res_eacd3f85-9c27-47cb-89b3-558011127427,Role 5,2012-01-08 09:57:39,46,0,2012-01-08 09:57:39
Case75,Final Inspection Q.C.,res_0c9e1edc-5031-465f-8b15-145067d092b8,Role 1,2012-01-08 09:57:43,46,0,2012-01-08 09:57:43
Case72,Laser Marking,res_eacd3f85-9c27-47cb-89b3-558011127427,Role 5,2012-01-08 10:38:33,45,0,2012-01-08 10:38:33
Case72,Lapping,res_f3606ac9-28bc-4857-aaa9-8e5e002f2c74,Role 2,2012-01-08 10:38:37,45,0,2012-01-08 10:38:37
Case105,Turning,res_209d71cd-525c-4bd3-80a5-294f454e45ae,Role 7,2012-01-08 10:59:00,46,0,2012-01-08 10:59:00
Case14,Lapping,res_a7884ce0-d488-49c2-bbcb-06aba2c7aa0e,Role 2,2012-01-08 11:07:15,46,0,2012-01-08 11:07:15
Case14,Turning & Milling Q.C.,res_7aa8e275-2091-46aa-8eb5-dc6183b95719,Role 1,2012-01-08 11:07:19,46,0,2012-01-08 11:07:19
Case14,Turning & Milling,res_c7bd898a-1461-452f-95cf-240fa62aa442,Role 2,2012-01-08 11:07:23,46,0,2012-01-08 11:07:23
Case72,Flat Grinding,res_eacd3f85-9c27-47cb-89b3-558011127427,Role 5,2012-01-08 11:09:11,45,0,2012-01-08 10:38:41
Case106,Turning & Milling Q.C.,res_0c9e1edc-5031-465f-8b15-145067d092b8,Role 1,2012-01-08 11:15:51,47,0,2012-01-08 11:15:51
Case14,Laser Marking,res_0c9e1edc-5031-465f-8b15-145067d092b8,Role 5,2012-01-08 11:17:16,46,0,2012-01-08 11:07:27
Case14,Lapping,res_f3606ac9-28bc-4857-aaa9-8e5e002f2c74,Role 2,2012-01-08 11:17:20,47,1,2012-01-08 11:17:20
Case76,Packing,res_f0c1998a-357d-4c38-bde7-4806fc537f66,Role 3,2012-01-08 11:18:13,47,0,2012-01-08 11:18:13
Case76,Final Inspection Q.C.,res_7aa8e275-2091-46aa-8eb5-dc6183b95719,Role 1,2012-01-08 11:18:17,47,0,2012-01-08 11:18:17
Case76,Packing,res_f0c1998a-357d-4c38-bde7-4806fc537f66,Role 3,2012-01-08 11:18:21,47,0,2012-01-08 11:18:21
Case14,Turning & Milling Q.C.,res_b09df969-8dee-4e5b-bfb3-b2e91c67882c,Role 1,2012-01-08 11:19:45,47,0,2012-01-08 11:17:24
Case14,Grinding Rework,res_708681cb-572e-491e-b99d-76fb16bf20e7,Role 4,2012-01-08 11:25:27,47,0,2012-01-08 11:19:49
Case72,Lapping,res_7aa8e275-2091-46aa-8eb5-dc6183b95719,Role 2,2012-01-08 11:27:05,46,0,2012-01-08 11:09:15
Case14,Final Inspection Q.C.,res_f0c1998a-357d-4c38-bde7-4806fc537f66,Role 1,2012-01-08 11:36:39,47,1,2012-01-08 11:25:31
Case72,Packing,res_0c9e1edc-5031-465f-8b15-145067d092b8,Role 3,2012-01-08 11:39:33,47,0,2012-01-08 11:27:09
Case65,Lapping,res_c7bd898a-1461-452f-95cf-240fa62aa442,Role 2,2012-01-08 11:43:38,47,0,2012-01-08 11:43:38
Case65,Packing,res_0d1875c3-80e3-4d0d-bf7b-ac33326f853d,Role 3,2012-01-08 11:43:42,47,0,2012-01-08 11:43:42
Case76,Final Inspection Q.C.,res_2fe39883-a0a3-49a7-9376-b9d1e15e6896,Role 1,2012-01-08 11:45:12,47,0,2012-01-08 11:18:25
Case72,Turning & Milling Q.C.,res_2fe39883-a0a3-49a7-9376-b9d1e15e6896,Role 1,2012-01-08 11:50:46,47,1,2012-01-08 11:39:37
Case14,Turning & Milling Q.C.,res_eacd3f85-9c27-47cb-89b3-558011127427,Role 1,2012-01-08 11:51:07,47,0,2012-01-08 11:36:43
Case72,Laser Marking,res_708681cb-572e-491e-b99d-76fb16bf20e7,Role 5,2012-01-08 12:05:33,46,0,2012-01-08 11:50:50
Case14,Grinding Rework,res_7aa8e275-2091-46aa-8eb5-dc6183b95719,Role 4,2012-01-08 12:11:39,46,0,2012-01-08 11:51:11
Case70,Turning & Milling Q.C.,res_fb941250-d079-4e8c-8bdc-c79f47471e3b,Role 1,2012-01-08 12:14:46,46,0,2012-01-08 12:14:46
Case70,Grinding Rework,res_708681cb-572e-491e-b99d-76fb16bf20e7,Role 4,2012-01-08 12:14:50,46,0,2012-01-08 12:14:50
Case77,Packing,res_0d1875c3-80e3-4d0d-bf7b-ac33326f853d,Role 3,2012-01-08 12:15:07,46,0,2012-01-08 12:15:07
Case65,Round Grinding,res_0d1875c3-80e3-4d0d-bf7b-ac33326f853d,Role 6,2012-01-08 12:15:29,47,0,2012-01-08 11:43:46
Case72,Final Inspection Q.C.,res_0c9e1edc-5031-465f-8b15-145067d092b8,Role 1,2012-01-08 12:24:22,46,0,2012-01-08 12:05:37
Case13,Laser Marking,res_eacd3f85-9c27-47cb-89b3-558011127427,Role 5,2012-01-08 12:32:42,45,0,2012-01-08 12:32:42
Case13,Lapping,res_a7884ce0-d488-49c2-bbcb-06aba2c7aa0e,Role 2,2012-01-08 12:32:46,45,0,2012-01-08 12:32:46
Case13,Turning & Milling Q.C.,res_0c9e1edc-5031-465f-8b15-145067d092b8,Role 1,2012-01-08 12:32:50,45,1,2012-01-08 12:32:50
Case14,Final Inspection Q.C.,res_0d1875c3-80e3-4d0d-bf7b-ac33326f853d,Role 1,2012-01-08 12:33:14,46,1,2012-01-08 12:11:43
Case107,Turning & Milling Q.C.,res_0c9e1edc-5031-465f-8b15-145067d092b8,Role 1,2012-01-08 12:38:13,45,1,2012-01-08 12:38:13
Case65,Final Inspection Q.C.,res_0c9e1edc-5031-465f-8b15-145067d092b8,Role 1,2012-01-08 12:38:54,45,3,2012-01-08 12:15:33
Case72,Turning & Milling Q.C.,res_fb941250-d079-4e8c-8bdc-c79f47471e3b,Role 1,2012-01-08 12:43:55,45,0,2012-01-08 12:24:26
Case13,Packing,res_0d1875c3-80e3-4d0d-bf7b-ac33326f853d,Role 3,2012-01-08 12:51:14,45,0,2012-01-08 12:32:54
Case70,Final Inspection Q.C.,res_0d1875c3-80e3-4d0d-bf7b-ac33326f853d,Role 1,2012-01-08 12:52:33,46,2,2012-01-08 12:14:54
Case7,Lapping,res_c7bd898a-1461-452f-95cf-240fa62aa442,Role 2,2012-01-08 12:53:33,43,0,2012-01-08 12:53:33
Case7,Turning & Milling Q.C.,res_b09df969-8dee-4e5b-bfb3-b2e91c67882c,Role 1,2012-01-08 12:53:37,43,1,2012-01-08 12:53:37
Case65,Turning & Milling Q.C.,res_eacd3f85-9c27-47cb-89b3-558011127427,Role 1,2012-01-08 12:57:05,45,1,2012-01-08 12:38:58
Case7,Laser Marking,res_f3606ac9-28bc-4857-aaa9-8e5e002f2c74,Role 5,2012-01-08 12:58:32,43,0,2012-01-08 12:53:41
Case72,Packing,res_a7884ce0-d488-49c2-bbcb-06aba2c7aa0e,Role 3,2012-01-08 13:03:30,45,1,2012-01-08 12:43:59
Case65,Turning & Milling,res_fb941250-d079-4e8c-8bdc-c79f47471e3b,Role 2,2012-01-08 13:11:40,43,0,2012-01-08 12:57:09
Case108,Turning & Milling Q.C.,res_fb941250-d079-4e8c-8bdc-c79f47471e3b,Role 1,2012-01-08 13:13:54,44,0,2012-01-08 13:13:54
Case78,Grinding Rework,res_708681cb-572e-491e-b99d-76fb16bf20e7,Role 4,2012-01-08 13:19:55,44,0,2012-01-08 13:19:55
Case78,Final Inspection Q.C.,res_7aa8e275-2091-46aa-8eb5-dc6183b95719,Role 1,2012-01-08 13:19:59,44,1,2012-01-08 13:19:59
Case78,Turning & Milling Q.C.,res_b09df969-8dee-4e5b-bfb3-b2e91c67882c,Role 1,2012-01-08 13:20:03,44,0,2012-01-08 13:20:03
Case69,Lapping,res_f3606ac9-28bc-4857-aaa9-8e5e002f2c74,Role 2,2012-01-08 13:20:16,44,1,2012-01-08 13:20:16
Case69,Flat Grinding,res_eacd3f85-9c27-47cb-89b3-558011127427,Role 5,2012-01-08 13:20:20,44,0,2012-01-08 13:20:20
Case65,Laser Marking,res_a7884ce0-d488-49c2-bbcb-06aba2c7aa0e,Role 5,2012-01-08 13:21:52,43,0,2012-01-08 13:11:44
Case72,Final Inspection Q.C.,res_f3606ac9-28bc-4857-aaa9-8e5e002f2c74,Role 1,2012-01-08 13:24:46,43,0,2012-01-08 13:03:34
Case7,Lapping,res_f3606ac9-28bc-4857-aaa9-8e5e002f2c74,Role 2,2012-01-08 13:26:17,43,0,2012-01-08 12:58:36
Case65,Lapping,res_fb941250-d079-4e8c-8bdc-c79f47471e3b,Role 2,2012-01-08 13:28:21,44,2,2012-01-08 13:21:56
Case78,Packing,res_f0c1998a-357d-4c38-bde7-4806fc537f66,Role 3,2012-01-08 13:28:54,44,0,2012-01-08 13:20:07
Case65,Packing,res_f0c1998a-357d-4c38-bde7-4806fc537f66,Role 3,2012-01-08 13:39:01,43,1,2012-01-08 13:28:25
Case7,Turning & Milling Q.C.,res_b09df969-8dee-4e5b-bfb3-b2e91c67882c,Role 1,2012-01-08 13:42:22,43,0,2012-01-08 13:26:21
Case65,Turning & Milling Q.C.,res_eacd3f85-9c27-47cb-89b3-558011127427,Role 1,2012-01-08 13:46:46,42,1,2012-01-08 13:39:05
Case69,Lapping,res_a7884ce0-d488-49c2-bbcb-06aba2c7aa0e,Role 2,2012-01-08 13:47:09,44,1,2012-01-08 13:20:24
Case65,Turning & Milling,res_eacd3f85-9c27-47cb-89b3-558011127427,Role 2,2012-01-08 13:55:09,42,0,2012-01-08 13:46:50
Case65,Laser Marking,res_eacd3f85-9c27-47cb-89b3-558011127427,Role 5,2012-01-08 13:55:13,42,1,2012-01-08 13:55:13
Case65,Lapping,res_c7bd898a-1461-452f-95cf-240fa62aa442,Role 2,2012-01-08 13:55:17,42,0,2012-01-08 13:55:17
Case65,Turning & Milling Q.C.,res_0c9e1edc-5031-465f-8b15-145067d092b8,Role 1,2012-01-08 13:55:21,42,0,2012-01-08 13:55:21
Case69,Flat Grinding,res_0c9e1edc-5031-465f-8b15-145067d092b8,Role 5,2012-01-08 13:55:22,42,0,2012-01-08 13:47:13
Case65,Laser Marking,res_eacd3f85-9c27-47cb-89b3-558011127427,Role 5,2012-01-08 13:55:25,42,1,2012-01-08 13:55:25
Case69,Lapping,res_c7bd898a-1461-452f-95cf-240fa62aa442,Role 2,2012-01-08 13:55:26,42,0,2012-01-08 13:55:26
Case65,Lapping,res_c7bd898a-1461-452f-95cf-240fa62aa442,Role 2,2012-01-08 13:55:29,42,0,2012-01-08 13:55:29
Case69,Turning & Milling Q.C.,res_7aa8e275-2091-46aa-8eb5-dc6183b95719,Role 1,2012-01-08 13:55:30,42,0,2012-01-08 13:55:30
Case65,Turning & Milling Q.C.,res_7aa8e275-2091-46aa-8eb5-dc6183b95719,Role 1,2012-01-08 13:55:33,42,0,2012-01-08 13:55:33
Case69,Packing,res_0d1875c3-80e3-4d0d-bf7b-ac33326f853d,Role 3,2012-01-08 13:55:34,42,0,2012-01-08 13:55:34
Case65,Packing,res_f0c1998a-357d-4c38-bde7-4806fc537f66,Role 3,2012-01-08 13:55:37,41,0,2012-01-08 13:55:37
Case7,Laser Marking,res_f0c1998a-357d-4c38-bde7-4806fc537f66,Role 5,2012-01-08 13:56:32,42,0,2012-01-08 13:42:26
Case109,Turning,res_209d71cd-525c-4bd3-80a5-294f454e45ae,Role 7,2012-01-08 14:04:56,41,0,2012-01-08 14:04:56
Case7,Lapping,res_209d71cd-525c-4bd3-80a5-294f454e45ae,Role 2,2012-01-08 14:11:51,40,0,2012-01-08 13:56:36
Case12,Lapping,res_c7bd898a-1461-452f-95cf-240fa62aa442,Role 2,2012-01-08 14:15:47,41,0,2012-01-08 14:15:47
Case12,Turning & Milling Q.C.,res_7aa8e275-2091-46aa-8eb5-dc6183b95719,Role 1,2012-01-08 14:15:51,41,1,2012-01-08 14:15:51
Case12,Packing,res_0d1875c3-80e3-4d0d-bf7b-ac33326f853d,Role 3,2012-01-08 14:15:55,41,0,2012-01-08 14:15:55
Case7,Turning & Milling Q.C.,res_2fe39883-a0a3-49a7-9376-b9d1e15e6896,Role 1,2012-01-08 14:23:40,41,0,2012-01-08 14:11:55
Case1,Lapping,res_a7884ce0-d488-49c2-bbcb-06aba2c7aa0e,Role 2,2012-01-08 14:26:43,41,0,2012-01-08 14:26:43
Case1,Packing,res_f0c1998a-357d-4c38-bde7-4806fc537f66,Role 3,2012-01-08 14:26:47,41,0,2012-01-08 14:26:47
Case1,Round Grinding,res_2fe39883-a0a3-49a7-9376-b9d1e15e6896,Role 6,2012-01-08 14:27:23,41,1,2012-01-08 14:26:51
Case12,Round Grinding,res_fb941250-d079-4e8c-8bdc-c79f47471e3b,Role 6,2012-01-08 14:32:08,41,0,2012-01-08 14:15:59
Case12,Final Inspection Q.C.,res_0c9e1edc-5031-465f-8b15-145067d092b8,Role 1,2012-01-08 14:36:08,41,1,2012-01-08 14:32:12
Case7,Laser Marking,res_0c9e1edc-5031-465f-8b15-145067d092b8,Role 5,2012-01-08 14:37:51,41,0,2012-01-08 14:23:44
Case66,Lapping,res_a7884ce0-d488-49c2-bbcb-06aba2c7aa0e,Role 2,2012-01-08 14:45:57,40,1,2012-01-08 14:45:57
Case66,Turning & Milling Q.C.,res_fb941250-d079-4e8c-8bdc-c79f47471e3b,Role 1,2012-01-08 14:46:01,40,0,2012-01-08 14:46:01
Case7,Lapping,res_708681cb-572e-491e-b99d-76fb16bf20e7,Role 2,2012-01-08 14:48:36,40,0,2012-01-08 14:37:55
Case1,Final Inspection Q.C.,res_708681cb-572e-491e-b99d-76fb16bf20e7,Role 1,2012-01-08 14:48:39,41,0,2012-01-08 14:27:27
Case1,Packing,res_f0c1998a-357d-4c38-bde7-4806fc537f66,Role 3,2012-01-08 14:48:43,40,0,2012-01-08 14:48:43
Case1,Round Grinding,res_2fe39883-a0a3-49a7-9376-b9d1e15e6896,Role 6,2012-01-08 14:48:47,40,0,2012-01-08 14:48:47
Case1,Final Inspection Q.C.,res_fb941250-d079-4e8c-8bdc-c79f47471e3b,Role 1,2012-01-08 14:48:51,40,0,2012-01-08 14:48:51
Case7,Turning & Milling Q.C.,res_fb941250-d079-4e8c-8bdc-c79f47471e3b,Role 1,2012-01-08 14:57:24,40,0,2012-01-08 14:48:40
Case7,Grinding Rework,res_708681cb-572e-491e-b99d-76fb16bf20e7,Role 4,2012-01-08 15:05:27,39,1,2012-01-08 14:57:28
Case110,Turning & Milling Q.C.,res_b09df969-8dee-4e5b-bfb3-b2e91c67882c,Role 1,2012-01-08 15:08:29,40,0,2012-01-08 15:08:29
Case7,Final Inspection Q.C.,res_b09df969-8dee-4e5b-bfb3-b2e91c67882c,Role 1,2012-01-08 15:08:48,39,0,2012-01-08 15:05:31
Case66,Grinding Rework,res_b09df969-8dee-4e5b-bfb3-b2e91c67882c,Role 4,2012-01-08 15:14:03,40,0,2012-01-08 14:46:05
Case66,Final Inspection Q.C.,res_b09df969-8dee-4e5b-bfb3-b2e91c67882c,Role 1,2012-01-08 15:26:12,39,0,2012-01-08 15:14:07
Case111,Turning & Milling Q.C.,res_7aa8e275-2091-46aa-8eb5-dc6183b95719,Role 1,2012-01-08 16:13:05,39,0,2012-01-08 16:13:05
Case79,Laser Marking,res_eacd3f85-9c27-47cb-89b3-558011127427,Role 5,2012-01-08 17:10:07,39,0,2012-01-08 17:10:07
Case79,Lapping,res_c7bd898a-1461-452f-95cf-240fa62aa442,Role 2,2012-01-08 17:10:11,39,0,2012-01-08 17:10:11
Case79,Turning & Milling Q.C.,res_0c9e1edc-5031-465f-8b15-145067d092b8,Role 1,2012-01-08 17:10:15,39,0,2012-01-08 17:10:15
Case112,Turning & Milling Q.C.,res_fb941250-d079-4e8c-8bdc-c79f47471e3b,Role 1,2012-01-08 17:11:06,40,0,2012-01-08 17:11:06
Case6,Round Grinding,res_2fe39883-a0a3-49a7-9376-b9d1e15e6896,Role 6,2012-01-08 17:11:33,40,0,2012-01-08 17:11:33
Case79,Packing,res_2fe39883-a0a3-49a7-9376-b9d1e15e6896,Role 3,2012-01-08 17:28:07,39,0,2012-01-08 17:10:19
Case6,Final Inspection Q.C.,res_fb941250-d079-4e8c-8bdc-c79f47471e3b,Role 1,2012-01-08 17:29:19,40,0,2012-01-08 17:29:19
Case79,Turning & Milling Q.C.,res_fb941250-d079-4e8c-8bdc-c79f47471e3b,Role 1,2012-01-08 17:29:59,40,0,2012-01-08 17:28:11
Case79,Laser Marking,res_eacd3f85-9c27-47cb-89b3-558011127427,Role 5,2012-01-08 17:31:00,39,0,2012-01-08 17:30:03
Case79,Lapping,res_a7884ce0-d488-49c2-bbcb-06aba2c7aa0e,Role 2,2012-01-08 17:32:50,39,0,2012-01-08 17:31:04
Case2,Lapping,res_c7bd898a-1461-452f-95cf-240fa62aa442,Role 2,2012-01-08 17:34:01,39,0,2012-01-08 17:34:01
Case2,Packing,res_0d1875c3-80e3-4d0d-bf7b-ac33326f853d,Role 3,2012-01-08 17:34:05,39,0,2012-01-08 17:34:05
Case2,Round Grinding,res_2fe39883-a0a3-49a7-9376-b9d1e15e6896,Role 6,2012-01-08 17:34:09,39,0,2012-01-08 17:34:09
Case79,Turning & Milling Q.C.,res_b09df969-8dee-4e5b-bfb3-b2e91c67882c,Role 1,2012-01-08 17:34:33,39,0,2012-01-08 17:32:54
Case79,Packing,res_f0c1998a-357d-4c38-bde7-4806fc537f66,Role 3,2012-01-08 17:36:00,39,0,2012-01-08 17:34:37
Case79,Turning & Milling Q.C.,res_b09df969-8dee-4e5b-bfb3-b2e91c67882c,Role 1,2012-01-08 17:36:19,39,0,2012-01-08 17:36:04
Case79,Laser Marking,res_eacd3f85-9c27-47cb-89b3-558011127427,Role 5,2012-01-08 17:36:23,39,0,2012-01-08 17:36:23
Case79,Lapping,res_c7bd898a-1461-452f-95cf-240fa62aa442,Role 2,2012-01-08 17:36:36,39,0,2012-01-08 17:36:27
Case79,Packing,res_f0c1998a-357d-4c38-bde7-4806fc537f66,Role 3,2012-01-08 17:37:50,39,0,2012-01-08 17:36:40
Case79,Round Grinding,res_2fe39883-a0a3-49a7-9376-b9d1e15e6896,Role 6,2012-01-08 17:39:03,39,0,2012-01-08 17:37:54
Case79,Final Inspection Q.C.,res_7aa8e275-2091-46aa-8eb5-dc6183b95719,Role 1,2012-01-08 17:40:51,39,1,2012-01-08 17:39:07
Case2,Final Inspection Q.C.,res_7aa8e275-2091-46aa-8eb5-dc6183b95719,Role 1,2012-01-08 17:51:05,39,0,2012-01-08 17:34:13
Case2,Turning & Milling Q.C.,res_7aa8e275-2091-46aa-8eb5-dc6183b95719,Role 1,2012-01-08 17:51:41,38,0,2012-01-08 17:51:09
Case80,Laser Marking,res_eacd3f85-9c27-47cb-89b3-558011127427,Role 5,2012-01-08 17:52:49,38,0,2012-01-08 17:52:49
Case2,Packing,res_eacd3f85-9c27-47cb-89b3-558011127427,Role 3,2012-01-08 17:52:57,38,0,2012-01-08 17:51:45
Case2,Final Inspection Q.C.,res_fb941250-d079-4e8c-8bdc-c79f47471e3b,Role 1,2012-01-08 17:54:05,38,0,2012-01-08 17:53:01
Case2,Turning & Milling Q.C.,res_fb941250-d079-4e8c-8bdc-c79f47471e3b,Role 1,2012-01-08 17:54:25,38,0,2012-01-08 17:54:09
Case2,Packing,res_0d1875c3-80e3-4d0d-bf7b-ac33326f853d,Role 3,2012-01-08 17:54:29,38,0,2012-01-08 17:54:29
Case10,Grinding Rework,res_708681cb-572e-491e-b99d-76fb16bf20e7,Role 4,2012-01-08 18:26:18,37,0,2012-01-08 18:26:18
Case10,Final Inspection Q.C.,res_0c9e1edc-5031-465f-8b15-145067d092b8,Role 1,2012-01-08 18:26:22,37,0,2012-01-08 18:26:22
Case10,Turning & Milling Q.C.,res_fb941250-d079-4e8c-8bdc-c79f47471e3b,Role 1,2012-01-08 18:26:26,37,0,2012-01-08 18:26:26
Case8,Laser Marking,res_eacd3f85-9c27-47cb-89b3-558011127427,Role 5,2012-01-08 18:35:57,37,0,2012-01-08 18:35:57
Case8,Lapping,res_a7884ce0-d488-49c2-bbcb-06aba2c7aa0e,Role 2,2012-01-08 18:36:01,37,0,2012-01-08 18:36:01
Case10,Turning & Milling,res_0d1875c3-80e3-4d0d-bf7b-ac33326f853d,Role 2,2012-01-08 18:37:42,37,0,2012-01-08 18:26:30
Case10,Laser Marking,res_eacd3f85-9c27-47cb-89b3-558011127427,Role 5,2012-01-08 18:37:46,37,0,2012-01-08 18:37:46
Case10,Lapping,res_c7bd898a-1461-452f-95cf-240fa62aa442,Role 2,2012-01-08 18:37:50,37,0,2012-01-08 18:37:50
Case10,Flat Grinding,res_eacd3f85-9c27-47cb-89b3-558011127427,Role 5,2012-01-08 18:37:54,37,0,2012-01-08 18:37:54
Case8,Packing,res_a7884ce0-d488-49c2-bbcb-06aba2c7aa0e,Role 3,2012-01-08 18:38:53,37,0,2012-01-08 18:36:05
Case10,Lapping,res_0c9e1edc-5031-465f-8b15-145067d092b8,Role 2,2012-01-08 18:39:03,37,0,2012-01-08 18:37:58
Case10,Turning & Milling Q.C.,res_b09df969-8dee-4e5b-bfb3-b2e91c67882c,Role 1,2012-01-08 18:39:37,37,0,2012-01-08 18:39:07
Case10,Packing,res_0d1875c3-80e3-4d0d-bf7b-ac33326f853d,Role 3,2012-01-08 18:39:41,37,0,2012-01-08 18:39:41
Case10,Final Inspection Q.C.,res_fb941250-d079-4e8c-8bdc-c79f47471e3b,Role 1,2012-01-08 18:39:45,37,1,2012-01-08 18:39:45
Case10,Turning & Milling Q.C.,res_0c9e1edc-5031-465f-8b15-145067d092b8,Role 1,2012-01-08 18:39:49,37,0,2012-01-08 18:39:49
Case10,Packing,res_0d1875c3-80e3-4d0d-bf7b-ac33326f853d,Role 3,2012-01-08 18:39:53,37,0,2012-01-08 18:39:53
Case10,Final Inspection Q.C.,res_0c9e1edc-5031-465f-8b15-145067d092b8,Role 1,2012-01-08 18:39:57,37,1,2012-01-08 18:39:57
Case10,Packing,res_0d1875c3-80e3-4d0d-bf7b-ac33326f853d,Role 3,2012-01-08 18:40:01,37,0,2012-01-08 18:40:01
Case10,Turning & Milling Q.C.,res_fb941250-d079-4e8c-8bdc-c79f47471e3b,Role 1,2012-01-08 18:40:05,37,0,2012-01-08 18:40:05
Case10,Grinding Rework,res_708681cb-572e-491e-b99d-76fb16bf20e7,Role 4,2012-01-08 18:40:09,37,0,2012-01-08 18:40:09
Case10,Final Inspection Q.C.,res_0c9e1edc-5031-465f-8b15-145067d092b8,Role 1,2012-01-08 18:40:13,37,1,2012-01-08 18:40:13
Case10,Turning & Milling Q.C.,res_fb941250-d079-4e8c-8bdc-c79f47471e3b,Role 1,2012-01-08 18:40:17,37,0,2012-01-08 18:40:17
Case10,Grinding Rework,res_708681cb-572e-491e-b99d-76fb16bf20e7,Role 4,2012-01-08 18:40:21,37,0,2012-01-08 18:40:21
Case10,Final Inspection Q.C.,res_b09df969-8dee-4e5b-bfb3-b2e91c67882c,Role 1,2012-01-08 18:40:25,37,1,2012-01-08 18:40:25
Case10,Turning & Milling Q.C.,res_7aa8e275-2091-46aa-8eb5-dc6183b95719,Role 1,2012-01-08 18:40:29,37,0,2012-01-08 18:40:29
Case10,Packing,res_0d1875c3-80e3-4d0d-bf7b-ac33326f853d,Role 3,2012-01-08 18:40:33,37,0,2012-01-08 18:40:33
Case10,Final Inspection Q.C.,res_7aa8e275-2091-46aa-8eb5-dc6183b95719,Role 1,2012-01-08 18:40:37,37,1,2012-01-08 18:40:37
Case10,Turning & Milling Q.C.,res_7aa8e275-2091-46aa-8eb5-dc6183b95719,Role 1,2012-01-08 18:40:41,37,0,2012-01-08 18:40:41
Case10,Turning & Milling,res_f3606ac9-28bc-4857-aaa9-8e5e002f2c74,Role 2,2012-01-08 18:40:45,37,0,2012-01-08 18:40:45
Case10,Laser Marking,res_eacd3f85-9c27-47cb-89b3-558011127427,Role 5,2012-01-08 18:40:49,37,0,2012-01-08 18:40:49
Case10,Lapping,res_a7884ce0-d488-49c2-bbcb-06aba2c7aa0e,Role 2,2012-01-08 18:40:53,37,0,2012-01-08 18:40:53
Case10,Flat Grinding,res_eacd3f85-9c27-47cb-89b3-558011127427,Role 5,2012-01-08 18:40:57,37,0,2012-01-08 18:40:57
Case10,Lapping,res_f3606ac9-28bc-4857-aaa9-8e5e002f2c74,Role 2,2012-01-08 18:41:01,37,0,2012-01-08 18:41:01
Case10,Flat Grinding,res_eacd3f85-9c27-47cb-89b3-558011127427,Role 5,2012-01-08 18:41:05,37,0,2012-01-08 18:41:05
Case10,Lapping,res_a7884ce0-d488-49c2-bbcb-06aba2c7aa0e,Role 2,2012-01-08 18:41:09,37,0,2012-01-08 18:41:09
Case10,Packing,res_f0c1998a-357d-4c38-bde7-4806fc537f66,Role 3,2012-01-08 18:41:13,37,0,2012-01-08 18:41:13
Case10,Final Inspection Q.C.,res_b09df969-8dee-4e5b-bfb3-b2e91c67882c,Role 1,2012-01-08 18:41:17,37,1,2012-01-08 18:41:17
Case10,Turning & Milling Q.C.,res_b09df969-8dee-4e5b-bfb3-b2e91c67882c,Role 1,2012-01-08 18:41:21,37,0,2012-01-08 18:41:21
Case10,Laser Marking,res_eacd3f85-9c27-47cb-89b3-558011127427,Role 5,2012-01-08 18:41:25,37,0,2012-01-08 18:41:25
Case10,Lapping,res_c7bd898a-1461-452f-95cf-240fa62aa442,Role 2,2012-01-08 18:41:29,37,0,2012-01-08 18:41:29
Case10,Flat Grinding,res_eacd3f85-9c27-47cb-89b3-558011127427,Role 5,2012-01-08 18:41:33,37,0,2012-01-08 18:41:33
Case10,Lapping,res_a7884ce0-d488-49c2-bbcb-06aba2c7aa0e,Role 2,2012-01-08 18:41:37,37,0,2012-01-08 18:41:37
Case10,Turning & Milling Q.C.,res_7aa8e275-2091-46aa-8eb5-dc6183b95719,Role 1,2012-01-08 18:41:41,37,0,2012-01-08 18:41:41
Case10,Packing,res_f0c1998a-357d-4c38-bde7-4806fc537f66,Role 3,2012-01-08 18:41:45,37,0,2012-01-08 18:41:45
Case10,Round Grinding,res_2fe39883-a0a3-49a7-9376-b9d1e15e6896,Role 6,2012-01-08 18:41:49,37,0,2012-01-08 18:41:49
Case10,Final Inspection Q.C.,res_fb941250-d079-4e8c-8bdc-c79f47471e3b,Role 1,2012-01-08 18:41:53,37,1,2012-01-08 18:41:53
Case8,Final Inspection Q.C.,res_fb941250-d079-4e8c-8bdc-c79f47471e3b,Role 1,2012-01-08 18:55:32,37,0,2012-01-08 18:38:57
Case81,Turning Q.C.,res_fb941250-d079-4e8c-8bdc-c79f47471e3b,Role 1,2012-01-08 20:09:44,35,0,2012-01-08 20:09:44
Case3,Final Inspection Q.C.,res_fb941250-d079-4e8c-8bdc-c79f47471e3b,Role 1,2012-01-08 20:20:08,35,0,2012-01-08 20:20:08
Case4,Lapping,res_f3606ac9-28bc-4857-aaa9-8e5e002f2c74,Role 2,2012-01-08 20:25:05,35,0,2012-01-08 20:25:05
Case4,Packing,res_0d1875c3-80e3-4d0d-bf7b-ac33326f853d,Role 3,2012-01-08 20:25:09,35,0,2012-01-08 20:25:09
Case4,Turning & Milling Q.C.,res_fb941250-d079-4e8c-8bdc-c79f47471e3b,Role 1,2012-01-08 20:25:24,35,0,2012-01-08 20:25:13
Case4,Packing,res_0d1875c3-80e3-4d0d-bf7b-ac33326f853d,Role 3,2012-01-08 20:38:32,35,0,2012-01-08 20:25:28
Case4,Final Inspection Q.C.,res_7aa8e275-2091-46aa-8eb5-dc6183b95719,Role 1,2012-01-08 20:38:36,35,0,2012-01-08 20:38:36
Case80,Lapping,res_f3606ac9-28bc-4857-aaa9-8e5e002f2c74,Role 2,2012-01-08 23:03:21,34,0,2012-01-08 23:03:21
Case80,Turning & Milling Q.C.,res_fb941250-d079-4e8c-8bdc-c79f47471e3b,Role 1,2012-01-08 23:03:25,34,0,2012-01-08 23:03:25
Case80,Laser Marking,res_eacd3f85-9c27-47cb-89b3-558011127427,Role 5,2012-01-08 23:16:20,34,0,2012-01-08 23:03:29
Case80,Final Inspection Q.C.,res_0c9e1edc-5031-465f-8b15-145067d092b8,Role 1,2012-01-08 23:16:24,34,0,2012-01-08 23:16:24
Case80,Packing,res_0d1875c3-80e3-4d0d-bf7b-ac33326f853d,Role 3,2012-01-08 23:16:28,34,0,2012-01-08 23:16:28
Case83,Laser Marking,res_eacd3f85-9c27-47cb-89b3-558011127427,Role 5,2012-01-08 23:44:45,33,0,2012-01-08 23:44:45
Case82,Grinding Rework,res_708681cb-572e-491e-b99d-76fb16bf20e7,Role 4,2012-01-09 00:33:59,33,0,2012-01-09 00:33:59
Case83,Lapping,res_f3606ac9-28bc-4857-aaa9-8e5e002f2c74,Role 2,2012-01-09 00:36:29,33,0,2012-01-09 00:36:29
Case83,Packing,res_f0c1998a-357d-4c38-bde7-4806fc537f66,Role 3,2012-01-09 00:36:33,33,0,2012-01-09 00:36:33
Case83,Turning & Milling Q.C.,res_0c9e1edc-5031-465f-8b15-145067d092b8,Role 1,2012-01-09 00:36:37,33,0,2012-01-09 00:36:37
Case83,Turning & Milling,res_c7bd898a-1461-452f-95cf-240fa62aa442,Role 2,2012-01-09 00:36:41,33,0,2012-01-09 00:36:41
Case83,Laser Marking,res_eacd3f85-9c27-47cb-89b3-558011127427,Role 5,2012-01-09 00:36:45,33,0,2012-01-09 00:36:45
Case83,Lapping,res_c7bd898a-1461-452f-95cf-240fa62aa442,Role 2,2012-01-09 00:36:49,33,0,2012-01-09 00:36:49
Case83,Flat Grinding,res_eacd3f85-9c27-47cb-89b3-558011127427,Role 5,2012-01-09 00:36:53,33,0,2012-01-09 00:36:53
Case83,Lapping,res_f3606ac9-28bc-4857-aaa9-8e5e002f2c74,Role 2,2012-01-09 00:36:57,33,0,2012-01-09 00:36:57
Case83,Turning & Milling Q.C.,res_b09df969-8dee-4e5b-bfb3-b2e91c67882c,Role 1,2012-01-09 00:37:01,33,0,2012-01-09 00:37:01
Case83,Turning & Milling,res_a7884ce0-d488-49c2-bbcb-06aba2c7aa0e,Role 2,2012-01-09 00:37:05,33,0,2012-01-09 00:37:05
Case83,Turning,res_209d71cd-525c-4bd3-80a5-294f454e45ae,Role 7,2012-01-09 00:37:09,33,0,2012-01-09 00:37:09
Case83,Turning Q.C.,res_b09df969-8dee-4e5b-bfb3-b2e91c67882c,Role 1,2012-01-09 00:37:13,33,0,2012-01-09 00:37:13
Case83,Laser Marking,res_eacd3f85-9c27-47cb-89b3-558011127427,Role 5,2012-01-09 00:37:17,33,0,2012-01-09 00:37:17
Case83,Lapping,res_f3606ac9-28bc-4857-aaa9-8e5e002f2c74,Role 2,2012-01-09 00:37:21,33,0,2012-01-09 00:37:21
Case83,Packing,res_f0c1998a-357d-4c38-bde7-4806fc537f66,Role 3,2012-01-09 00:37:25,33,0,2012-01-09 00:37:25
Case83,Turning & Milling Q.C.,res_0c9e1edc-5031-465f-8b15-145067d092b8,Role 1,2012-01-09 00:37:29,33,0,2012-01-09 00:37:29
Case83,Grinding Rework,res_708681cb-572e-491e-b99d-76fb16bf20e7,Role 4,2012-01-09 00:37:33,33,0,2012-01-09 00:37:33
Case83,Final Inspection Q.C.,res_fb941250-d079-4e8c-8bdc-c79f47471e3b,Role 1,2012-01-09 00:37:37,33,0,2012-01-09 00:37:37
Case81,Laser Marking,res_eacd3f85-9c27-47cb-89b3-558011127427,Role 5,2012-01-09 01:11:18,32,0,2012-01-09 01:11:18
Case81,Lapping,res_c7bd898a-1461-452f-95cf-240fa62aa442,Role 2,2012-01-09 01:11:22,32,0,2012-01-09 01:11:22
Case81,Flat Grinding,res_eacd3f85-9c27-47cb-89b3-558011127427,Role 5,2012-01-09 01:11:26,32,0,2012-01-09 01:11:26
Case81,Lapping,res_c7bd898a-1461-452f-95cf-240fa62aa442,Role 2,2012-01-09 01:11:30,32,0,2012-01-09 01:11:30
Case81,Turning & Milling Q.C.,res_b09df969-8dee-4e5b-bfb3-b2e91c67882c,Role 1,2012-01-09 01:11:34,32,0,2012-01-09 01:11:34
Case81,Turning & Milling,res_f3606ac9-28bc-4857-aaa9-8e5e002f2c74,Role 2,2012-01-09 01:11:38,32,0,2012-01-09 01:11:38
Case81,Laser Marking,res_eacd3f85-9c27-47cb-89b3-558011127427,Role 5,2012-01-09 01:11:42,32,0,2012-01-09 01:11:42
Case81,Lapping,res_c7bd898a-1461-452f-95cf-240fa62aa442,Role 2,2012-01-09 01:11:46,32,0,2012-01-09 01:11:46
Case81,Flat Grinding,res_eacd3f85-9c27-47cb-89b3-558011127427,Role 5,2012-01-09 01:11:50,32,0,2012-01-09 01:11:50
Case81,Lapping,res_a7884ce0-d488-49c2-bbcb-06aba2c7aa0e,Role 2,2012-01-09 01:11:54,32,0,2012-01-09 01:11:54
Case81,Packing,res_f0c1998a-357d-4c38-bde7-4806fc537f66,Role 3,2012-01-09 01:11:58,32,0,2012-01-09 01:11:58
Case81,Turning & Milling Q.C.,res_fb941250-d079-4e8c-8bdc-c79f47471e3b,Role 1,2012-01-09 01:12:02,32,0,2012-01-09 01:12:02
Case81,Turning & Milling,res_f3606ac9-28bc-4857-aaa9-8e5e002f2c74,Role 2,2012-01-09 01:12:06,32,0,2012-01-09 01:12:06
Case81,Laser Marking,res_eacd3f85-9c27-47cb-89b3-558011127427,Role 5,2012-01-09 01:12:10,32,0,2012-01-09 01:12:10
Case81,Lapping,res_c7bd898a-1461-452f-95cf-240fa62aa442,Role 2,2012-01-09 01:12:14,32,0,2012-01-09 01:12:14
Case81,Packing,res_0d1875c3-80e3-4d0d-bf7b-ac33326f853d,Role 3,2012-01-09 01:12:18,32,0,2012-01-09 01:12:18
Case81,Turning & Milling Q.C.,res_b09df969-8dee-4e5b-bfb3-b2e91c67882c,Role 1,2012-01-09 01:12:22,32,0,2012-01-09 01:12:22
Case81,Turning & Milling,res_c7bd898a-1461-452f-95cf-240fa62aa442,Role 2,2012-01-09 01:12:26,32,0,2012-01-09 01:12:26
Case81,Laser Marking,res_eacd3f85-9c27-47cb-89b3-558011127427,Role 5,2012-01-09 01:12:30,32,0,2012-01-09 01:12:30
Case81,Lapping,res_f3606ac9-28bc-4857-aaa9-8e5e002f2c74,Role 2,2012-01-09 01:12:34,32,0,2012-01-09 01:12:34
Case81,Packing,res_f0c1998a-357d-4c38-bde7-4806fc537f66,Role 3,2012-01-09 01:12:38,32,0,2012-01-09 01:12:38
Case3,Turning & Milling Q.C.,res_fb941250-d079-4e8c-8bdc-c79f47471e3b,Role 1,2012-01-09 01:37:28,31,0,2012-01-09 01:37:28
Case3,Grinding Rework,res_708681cb-572e-491e-b99d-76fb16bf20e7,Role 4,2012-01-09 01:37:32,31,0,2012-01-09 01:37:32
Case3,Final Inspection Q.C.,res_7aa8e275-2091-46aa-8eb5-dc6183b95719,Role 1,2012-01-09 01:37:36,31,0,2012-01-09 01:37:36
Case3,Packing,res_0d1875c3-80e3-4d0d-bf7b-ac33326f853d,Role 3,2012-01-09 01:37:40,31,0,2012-01-09 01:37:40
Case5,Final Inspection Q.C.,res_7aa8e275-2091-46aa-8eb5-dc6183b95719,Role 1,2012-01-09 01:55:17,30,0,2012-01-09 01:55:17
Case84,Laser Marking,res_eacd3f85-9c27-47cb-89b3-558011127427,Role 5,2012-01-09 02:14:45,29,0,2012-01-09 02:14:45
Case85,Turning Q.C.,res_fb941250-d079-4e8c-8bdc-c79f47471e3b,Role 1,2012-01-09 03:06:34,29,0,2012-01-09 03:06:34
Case84,Lapping,res_f3606ac9-28bc-4857-aaa9-8e5e002f2c74,Role 2,2012-01-09 21:32:11,29,0,2012-01-09 21:32:11
Case84,Flat Grinding,res_eacd3f85-9c27-47cb-89b3-558011127427,Role 5,2012-01-09 21:32:15,29,0,2012-01-09 21:32:15
Case84,Lapping,res_f3606ac9-28bc-4857-aaa9-8e5e002f2c74,Role 2,2012-01-09 21:32:19,29,0,2012-01-09 21:32:19
Case84,Flat Grinding,res_eacd3f85-9c27-47cb-89b3-558011127427,Role 5,2012-01-09 21:32:23,29,0,2012-01-09 21:32:23
Case84,Lapping,res_a7884ce0-d488-49c2-bbcb-06aba2c7aa0e,Role 2,2012-01-09 21:32:27,29,0,2012-01-09 21:32:27
Case84,Packing,res_f0c1998a-357d-4c38-bde7-4806fc537f66,Role 3,2012-01-09 21:32:31,29,0,2012-01-09 21:32:31
Case85,Laser Marking,res_eacd3f85-9c27-47cb-89b3-558011127427,Role 5,2012-01-09 22:26:01,28,0,2012-01-09 22:26:01
Case85,Lapping,res_c7bd898a-1461-452f-95cf-240fa62aa442,Role 2,2012-01-09 22:26:05,28,0,2012-01-09 22:26:05
Case85,Flat Grinding,res_eacd3f85-9c27-47cb-89b3-558011127427,Role 5,2012-01-09 22:26:09,28,0,2012-01-09 22:26:09
Case85,Lapping,res_a7884ce0-d488-49c2-bbcb-06aba2c7aa0e,Role 2,2012-01-09 22:26:13,28,0,2012-01-09 22:26:13
Case85,Turning & Milling Q.C.,res_7aa8e275-2091-46aa-8eb5-dc6183b95719,Role 1,2012-01-09 22:26:17,28,0,2012-01-09 22:26:17
Case85,Turning & Milling,res_f3606ac9-28bc-4857-aaa9-8e5e002f2c74,Role 2,2012-01-09 22:26:21,28,0,2012-01-09 22:26:21
Case85,Laser Marking,res_eacd3f85-9c27-47cb-89b3-558011127427,Role 5,2012-01-09 22:26:25,28,0,2012-01-09 22:26:25
Case85,Lapping,res_a7884ce0-d488-49c2-bbcb-06aba2c7aa0e,Role 2,2012-01-09 22:26:29,28,0,2012-01-09 22:26:29
Case85,Turning & Milling Q.C.,res_7aa8e275-2091-46aa-8eb5-dc6183b95719,Role 1,2012-01-09 22:26:33,28,0,2012-01-09 22:26:33
Case85,Turning & Milling,res_a7884ce0-d488-49c2-bbcb-06aba2c7aa0e,Role 2,2012-01-09 22:26:37,28,0,2012-01-09 22:26:37
Case85,Laser Marking,res_eacd3f85-9c27-47cb-89b3-558011127427,Role 5,2012-01-09 22:26:41,28,0,2012-01-09 22:26:41
Case85,Final Inspection Q.C.,res_0c9e1edc-5031-465f-8b15-145067d092b8,Role 1,2012-01-09 22:26:45,28,0,2012-01-09 22:26:45
Case82,Final Inspection Q.C.,res_b09df969-8dee-4e5b-bfb3-b2e91c67882c,Role 1,2012-01-09 22:32:40,27,0,2012-01-09 22:32:40
Case82,Turning & Milling Q.C.,res_b09df969-8dee-4e5b-bfb3-b2e91c67882c,Role 1,2012-01-09 22:32:44,27,0,2012-01-09 22:32:44
Case82,Turning & Milling,res_f3606ac9-28bc-4857-aaa9-8e5e002f2c74,Role 2,2012-01-09 22:32:48,27,0,2012-01-09 22:32:48
Case82,Laser Marking,res_eacd3f85-9c27-47cb-89b3-558011127427,Role 5,2012-01-09 22:32:52,27,0,2012-01-09 22:32:52
Case82,Final Inspection Q.C.,res_b09df969-8dee-4e5b-bfb3-b2e91c67882c,Role 1,2012-01-09 22:32:56,27,0,2012-01-09 22:32:56
Case87,Turning & Milling,res_a7884ce0-d488-49c2-bbcb-06aba2c7aa0e,Role 2,2012-01-10 00:41:18,26,0,2012-01-10 00:41:18
Case86,Packing,res_0d1875c3-80e3-4d0d-bf7b-ac33326f853d,Role 3,2012-01-10 01:19:09,26,0,2012-01-10 01:19:09
Case102,Turning & Milling,res_c7bd898a-1461-452f-95cf-240fa62aa442,Role 2,2012-01-10 03:29:25,26,0,2012-01-10 03:29:25
Case102,Laser Marking,res_eacd3f85-9c27-47cb-89b3-558011127427,Role 5,2012-01-10 03:29:29,26,0,2012-01-10 03:29:29
Case102,Lapping,res_f3606ac9-28bc-4857-aaa9-8e5e002f2c74,Role 2,2012-01-10 03:29:33,26,0,2012-01-10 03:29:33
Case102,Turning & Milling Q.C.,res_0c9e1edc-5031-465f-8b15-145067d092b8,Role 1,2012-01-10 03:47:42,26,0,2012-01-10 03:29:37
Case102,Grinding Rework,res_708681cb-572e-491e-b99d-76fb16bf20e7,Role 4,2012-01-10 04:01:05,26,0,2012-01-10 03:47:46
Case102,Final Inspection Q.C.,res_fb941250-d079-4e8c-8bdc-c79f47471e3b,Role 1,2012-01-10 04:14:49,26,0,2012-01-10 04:01:09
Case102,Packing,res_f0c1998a-357d-4c38-bde7-4806fc537f66,Role 3,2012-01-10 04:28:53,26,0,2012-01-10 04:14:53
Case102,Turning & Milling Q.C.,res_fb941250-d079-4e8c-8bdc-c79f47471e3b,Role 1,2012-01-10 04:42:49,26,0,2012-01-10 04:28:57
Case89,Grinding Rework,res_708681cb-572e-491e-b99d-76fb16bf20e7,Role 4,2012-01-10 04:45:27,26,0,2012-01-10 04:45:27
Case102,Packing,res_708681cb-572e-491e-b99d-76fb16bf20e7,Role 3,2012-01-10 04:57:10,26,0,2012-01-10 04:42:53
Case102,Turning & Milling Q.C.,res_7aa8e275-2091-46aa-8eb5-dc6183b95719,Role 1,2012-01-10 05:12:25,26,0,2012-01-10 04:57:14
Case102,Grinding Rework,res_708681cb-572e-491e-b99d-76fb16bf20e7,Role 4,2012-01-10 05:26:57,26,0,2012-01-10 05:12:29
Case102,Final Inspection Q.C.,res_7aa8e275-2091-46aa-8eb5-dc6183b95719,Role 1,2012-01-10 05:40:48,26,0,2012-01-10 05:27:01
Case97,Packing,res_f0c1998a-357d-4c38-bde7-4806fc537f66,Role 3,2012-01-10 05:57:29,25,0,2012-01-10 05:57:29
Case90,Laser Marking,res_eacd3f85-9c27-47cb-89b3-558011127427,Role 5,2012-01-10 11:06:33,25,0,2012-01-10 11:06:33
Case100,Grinding Rework,res_708681cb-572e-491e-b99d-76fb16bf20e7,Role 4,2012-01-10 12:32:05,25,0,2012-01-10 12:32:05
Case101,Turning Q.C.,res_0c9e1edc-5031-465f-8b15-145067d092b8,Role 1,2012-01-10 13:08:24,25,0,2012-01-10 13:08:24
Case95,Final Inspection Q.C.,res_0c9e1edc-5031-465f-8b15-145067d092b8,Role 1,2012-01-10 13:51:30,25,0,2012-01-10 13:51:30
Case91,Turning Q.C.,res_0c9e1edc-5031-465f-8b15-145067d092b8,Role 1,2012-01-10 13:57:43,24,0,2012-01-10 13:57:43
Case110,Grinding Rework,res_708681cb-572e-491e-b99d-76fb16bf20e7,Role 4,2012-01-10 15:51:13,24,0,2012-01-10 15:51:13
Case103,Packing,res_0d1875c3-80e3-4d0d-bf7b-ac33326f853d,Role 3,2012-01-10 16:51:43,24,0,2012-01-10 16:51:43
Case104,Packing,res_0d1875c3-80e3-4d0d-bf7b-ac33326f853d,Role 3,2012-01-10 19:00:38,24,0,2012-01-10 19:00:38
Case105,Turning Q.C.,res_b09df969-8dee-4e5b-bfb3-b2e91c67882c,Role 1,2012-01-10 19:57:36,24,0,2012-01-10 19:57:36
Case92,Packing,res_0d1875c3-80e3-4d0d-bf7b-ac33326f853d,Role 3,2012-01-10 20:04:00,24,0,2012-01-10 20:04:00
Case97,Final Inspection Q.C.,res_7aa8e275-2091-46aa-8eb5-dc6183b95719,Role 1,2012-01-10 20:35:07,24,0,2012-01-10 20:35:07
Case97,Turning & Milling Q.C.,res_7aa8e275-2091-46aa-8eb5-dc6183b95719,Role 1,2012-01-10 20:39:53,24,0,2012-01-10 20:35:11
Case93,Laser Marking,res_eacd3f85-9c27-47cb-89b3-558011127427,Role 5,2012-01-10 20:40:31,24,0,2012-01-10 20:40:31
Case106,Packing,res_f0c1998a-357d-4c38-bde7-4806fc537f66,Role 3,2012-01-10 20:54:08,24,1,2012-01-10 20:54:08
Case97,Packing,res_f0c1998a-357d-4c38-bde7-4806fc537f66,Role 3,2012-01-10 21:08:06,24,0,2012-01-10 20:39:57
Case97,Turning & Milling Q.C.,res_fb941250-d079-4e8c-8bdc-c79f47471e3b,Role 1,2012-01-10 21:24:58,23,0,2012-01-10 21:08:10
Case97,Packing,res_0d1875c3-80e3-4d0d-bf7b-ac33326f853d,Role 3,2012-01-10 21:38:21,23,0,2012-01-10 21:25:02
Case97,Round Grinding,res_2fe39883-a0a3-49a7-9376-b9d1e15e6896,Role 6,2012-01-10 21:51:40,23,0,2012-01-10 21:38:25
Case97,Final Inspection Q.C.,res_0c9e1edc-5031-465f-8b15-145067d092b8,Role 1,2012-01-10 22:04:17,23,0,2012-01-10 21:51:44
Case97,Turning & Milling Q.C.,res_0c9e1edc-5031-465f-8b15-145067d092b8,Role 1,2012-01-10 22:15:32,23,0,2012-01-10 22:04:21
Case97,Turning & Milling,res_a7884ce0-d488-49c2-bbcb-06aba2c7aa0e,Role 2,2012-01-10 22:26:33,23,0,2012-01-10 22:15:36
Case110,Final Inspection Q.C.,res_b09df969-8dee-4e5b-bfb3-b2e91c67882c,Role 1,2012-01-10 23:05:28,22,0,2012-01-10 23:05:28
Case98,Laser Marking,res_eacd3f85-9c27-47cb-89b3-558011127427,Role 5,2012-01-10 23:14:05,21,0,2012-01-10 23:14:05
Case108,Grinding Rework,res_708681cb-572e-491e-b99d-76fb16bf20e7,Role 4,2012-01-10 23:55:12,21,0,2012-01-10 23:55:12
Case94,Packing,res_f0c1998a-357d-4c38-bde7-4806fc537f66,Role 3,2012-01-11 03:25:49,21,0,2012-01-11 03:25:49
Case111,Packing,res_0d1875c3-80e3-4d0d-bf7b-ac33326f853d,Role 3,2012-01-11 04:28:26,21,0,2012-01-11 04:28:26
Case107,Packing,res_0d1875c3-80e3-4d0d-bf7b-ac33326f853d,Role 3,2012-01-11 04:28:54,21,0,2012-01-11 04:28:54
Case109,Turning Q.C.,res_0c9e1edc-5031-465f-8b15-145067d092b8,Role 1,2012-01-11 05:44:56,21,0,2012-01-11 05:44:56
Case100,Final Inspection Q.C.,res_b09df969-8dee-4e5b-bfb3-b2e91c67882c,Role 1,2012-01-11 07:12:36,21,0,2012-01-11 07:12:36
Case101,Laser Marking,res_eacd3f85-9c27-47cb-89b3-558011127427,Role 5,2012-01-11 08:20:30,20,0,2012-01-11 08:20:30
Case101,Lapping,res_f3606ac9-28bc-4857-aaa9-8e5e002f2c74,Role 2,2012-01-11 08:20:34,20,0,2012-01-11 08:20:34
Case101,Turning & Milling Q.C.,res_b09df969-8dee-4e5b-bfb3-b2e91c67882c,Role 1,2012-01-11 08:20:38,20,0,2012-01-11 08:20:38
Case101,Packing,res_0d1875c3-80e3-4d0d-bf7b-ac33326f853d,Role 3,2012-01-11 08:20:42,20,0,2012-01-11 08:20:42
Case112,Turning & Milling,res_c7bd898a-1461-452f-95cf-240fa62aa442,Role 2,2012-01-11 10:00:35,19,0,2012-01-11 10:00:35
Case103,Turning & Milling Q.C.,res_0c9e1edc-5031-465f-8b15-145067d092b8,Role 1,2012-01-11 12:35:06,19,0,2012-01-11 12:35:06
Case103,Packing,res_f0c1998a-357d-4c38-bde7-4806fc537f66,Role 3,2012-01-11 12:35:10,19,0,2012-01-11 12:35:10
Case103,Round Grinding,res_2fe39883-a0a3-49a7-9376-b9d1e15e6896,Role 6,2012-01-11 12:35:14,19,0,2012-01-11 12:35:14
Case103,Final Inspection Q.C.,res_fb941250-d079-4e8c-8bdc-c79f47471e3b,Role 1,2012-01-11 12:35:18,19,0,2012-01-11 12:35:18
Case86,Round Grinding,res_2fe39883-a0a3-49a7-9376-b9d1e15e6896,Role 6,2012-01-11 14:39:01,18,0,2012-01-11 14:39:01
Case86,Final Inspection Q.C.,res_7aa8e275-2091-46aa-8eb5-dc6183b95719,Role 1,2012-01-11 14:39:05,18,0,2012-01-11 14:39:05
Case104,Turning & Milling Q.C.,res_7aa8e275-2091-46aa-8eb5-dc6183b95719,Role 1,2012-01-11 14:44:01,18,1,2012-01-11 14:44:01
Case104,Laser Marking,res_eacd3f85-9c27-47cb-89b3-558011127427,Role 5,2012-01-11 14:44:05,18,0,2012-01-11 14:44:05
Case104,Lapping,res_c7bd898a-1461-452f-95cf-240fa62aa442,Role 2,2012-01-11 14:44:09,18,0,2012-01-11 14:44:09
Case104,Turning & Milling Q.C.,res_fb941250-d079-4e8c-8bdc-c79f47471e3b,Role 1,2012-01-11 14:44:13,18,1,2012-01-11 14:44:13
Case104,Packing,res_f0c1998a-357d-4c38-bde7-4806fc537f66,Role 3,2012-01-11 14:44:17,18,0,2012-01-11 14:44:17
Case104,Round Grinding,res_2fe39883-a0a3-49a7-9376-b9d1e15e6896,Role 6,2012-01-11 14:44:21,18,0,2012-01-11 14:44:21
Case104,Final Inspection Q.C.,res_0c9e1edc-5031-465f-8b15-145067d092b8,Role 1,2012-01-11 14:44:25,18,0,2012-01-11 14:44:25
Case86,Turning & Milling Q.C.,res_0c9e1edc-5031-465f-8b15-145067d092b8,Role 1,2012-01-11 14:48:41,18,0,2012-01-11 14:39:09
Case86,Packing,res_f0c1998a-357d-4c38-bde7-4806fc537f66,Role 3,2012-01-11 14:48:45,17,0,2012-01-11 14:48:45
Case86,Round Grinding,res_2fe39883-a0a3-49a7-9376-b9d1e15e6896,Role 6,2012-01-11 14:48:49,17,0,2012-01-11 14:48:49
Case86,Final Inspection Q.C.,res_7aa8e275-2091-46aa-8eb5-dc6183b95719,Role 1,2012-01-11 14:48:53,17,0,2012-01-11 14:48:53
Case87,Turning & Milling Q.C.,res_fb941250-d079-4e8c-8bdc-c79f47471e3b,Role 1,2012-01-11 14:53:33,16,0,2012-01-11 14:53:33
Case105,Laser Marking,res_eacd3f85-9c27-47cb-89b3-558011127427,Role 5,2012-01-11 15:54:19,16,0,2012-01-11 15:54:19
Case105,Lapping,res_f3606ac9-28bc-4857-aaa9-8e5e002f2c74,Role 2,2012-01-11 15:54:23,16,0,2012-01-11 15:54:23
Case105,Turning & Milling Q.C.,res_7aa8e275-2091-46aa-8eb5-dc6183b95719,Role 1,2012-01-11 15:54:27,16,0,2012-01-11 15:54:27
Case105,Turning & Milling,res_c7bd898a-1461-452f-95cf-240fa62aa442,Role 2,2012-01-11 15:54:31,16,0,2012-01-11 15:54:31
Case105,Laser Marking,res_eacd3f85-9c27-47cb-89b3-558011127427,Role 5,2012-01-11 15:54:35,16,0,2012-01-11 15:54:35
Case105,Lapping,res_f3606ac9-28bc-4857-aaa9-8e5e002f2c74,Role 2,2012-01-11 15:54:39,16,0,2012-01-11 15:54:39
Case105,Packing,res_0d1875c3-80e3-4d0d-bf7b-ac33326f853d,Role 3,2012-01-11 15:54:43,16,0,2012-01-11 15:54:43
Case87,Laser Marking,res_eacd3f85-9c27-47cb-89b3-558011127427,Role 5,2012-01-11 16:49:26,15,0,2012-01-11 16:49:26
Case87,Lapping,res_f3606ac9-28bc-4857-aaa9-8e5e002f2c74,Role 2,2012-01-11 17:01:05,15,0,2012-01-11 16:49:30
Case87,Flat Grinding,res_eacd3f85-9c27-47cb-89b3-558011127427,Role 5,2012-01-11 17:01:09,15,0,2012-01-11 17:01:09
Case87,Lapping,res_f3606ac9-28bc-4857-aaa9-8e5e002f2c74,Role 2,2012-01-11 17:01:13,15,0,2012-01-11 17:01:13
Case87,Turning & Milling Q.C.,res_7aa8e275-2091-46aa-8eb5-dc6183b95719,Role 1,2012-01-11 17:01:17,15,0,2012-01-11 17:01:17
Case87,Turning & Milling,res_c7bd898a-1461-452f-95cf-240fa62aa442,Role 2,2012-01-11 17:01:21,15,0,2012-01-11 17:01:21
Case87,Turning & Milling Q.C.,res_fb941250-d079-4e8c-8bdc-c79f47471e3b,Role 1,2012-01-11 17:01:25,15,0,2012-01-11 17:01:25
Case87,Turning & Milling,res_a7884ce0-d488-49c2-bbcb-06aba2c7aa0e,Role 2,2012-01-11 17:01:29,15,0,2012-01-11 17:01:29
Case89,Final Inspection Q.C.,res_0c9e1edc-5031-465f-8b15-145067d092b8,Role 1,2012-01-11 22:27:59,14,0,2012-01-11 22:27:59
Case108,Final Inspection Q.C.,res_b09df969-8dee-4e5b-bfb3-b2e91c67882c,Role 1,2012-01-11 23:17:26,13,0,2012-01-11 23:17:26
Case108,Packing,res_0d1875c3-80e3-4d0d-bf7b-ac33326f853d,Role 3,2012-01-11 23:17:30,13,0,2012-01-11 23:17:30
Case108,Turning & Milling Q.C.,res_0c9e1edc-5031-465f-8b15-145067d092b8,Role 1,2012-01-11 23:17:34,13,0,2012-01-11 23:17:34
Case108,Grinding Rework,res_708681cb-572e-491e-b99d-76fb16bf20e7,Role 4,2012-01-11 23:17:38,13,0,2012-01-11 23:17:38
Case108,Final Inspection Q.C.,res_7aa8e275-2091-46aa-8eb5-dc6183b95719,Role 1,2012-01-11 23:17:42,13,0,2012-01-11 23:17:42
Case90,Lapping,res_f3606ac9-28bc-4857-aaa9-8e5e002f2c74,Role 2,2012-01-12 01:29:12,12,0,2012-01-12 01:29:12
Case90,Packing,res_0d1875c3-80e3-4d0d-bf7b-ac33326f853d,Role 3,2012-01-12 01:29:16,12,0,2012-01-12 01:29:16
Case90,Round Grinding,res_2fe39883-a0a3-49a7-9376-b9d1e15e6896,Role 6,2012-01-12 01:46:53,12,0,2012-01-12 01:29:20
Case90,Final Inspection Q.C.,res_b09df969-8dee-4e5b-bfb3-b2e91c67882c,Role 1,2012-01-12 01:46:57,12,0,2012-01-12 01:46:57
Case90,Packing,res_0d1875c3-80e3-4d0d-bf7b-ac33326f853d,Role 3,2012-01-12 01:47:01,12,0,2012-01-12 01:47:01
Case91,Laser Marking,res_eacd3f85-9c27-47cb-89b3-558011127427,Role 5,2012-01-12 06:13:49,11,0,2012-01-12 06:13:49
Case91,Lapping,res_c7bd898a-1461-452f-95cf-240fa62aa442,Role 2,2012-01-12 06:17:56,11,0,2012-01-12 06:13:53
Case91,Packing,res_f0c1998a-357d-4c38-bde7-4806fc537f66,Role 3,2012-01-12 06:39:13,11,0,2012-01-12 06:18:00
Case91,Turning & Milling Q.C.,res_0c9e1edc-5031-465f-8b15-145067d092b8,Role 1,2012-01-12 06:39:17,11,0,2012-01-12 06:39:17
Case91,Laser Marking,res_eacd3f85-9c27-47cb-89b3-558011127427,Role 5,2012-01-12 06:39:21,11,0,2012-01-12 06:39:21
Case91,Final Inspection Q.C.,res_fb941250-d079-4e8c-8bdc-c79f47471e3b,Role 1,2012-01-12 06:39:25,11,0,2012-01-12 06:39:25
Case111,Round Grinding,res_2fe39883-a0a3-49a7-9376-b9d1e15e6896,Role 6,2012-01-12 10:28:53,10,0,2012-01-12 10:28:53
Case111,Final Inspection Q.C.,res_0c9e1edc-5031-465f-8b15-145067d092b8,Role 1,2012-01-12 12:07:07,10,0,2012-01-12 12:07:07
Case107,Round Grinding,res_2fe39883-a0a3-49a7-9376-b9d1e15e6896,Role 6,2012-01-12 13:21:15,9,0,2012-01-12 13:21:15
Case107,Packing,res_f0c1998a-357d-4c38-bde7-4806fc537f66,Role 3,2012-01-12 13:21:19,9,0,2012-01-12 13:21:19
Case107,Round Grinding,res_2fe39883-a0a3-49a7-9376-b9d1e15e6896,Role 6,2012-01-12 13:27:41,9,0,2012-01-12 13:21:23
Case107,Final Inspection Q.C.,res_0c9e1edc-5031-465f-8b15-145067d092b8,Role 1,2012-01-12 13:27:45,9,0,2012-01-12 13:27:45
Case109,Laser Marking,res_eacd3f85-9c27-47cb-89b3-558011127427,Role 5,2012-01-12 15:01:20,8,0,2012-01-12 15:01:20
Case98,Lapping,res_a7884ce0-d488-49c2-bbcb-06aba2c7aa0e,Role 2,2012-01-12 15:54:44,8,0,2012-01-12 15:54:44
Case98,Turning & Milling Q.C.,res_7aa8e275-2091-46aa-8eb5-dc6183b95719,Role 1,2012-01-12 16:06:33,8,0,2012-01-12 15:54:48
Case98,Packing,res_0d1875c3-80e3-4d0d-bf7b-ac33326f853d,Role 3,2012-01-12 16:33:27,8,0,2012-01-12 16:06:37
Case98,Turning & Milling Q.C.,res_7aa8e275-2091-46aa-8eb5-dc6183b95719,Role 1,2012-01-12 16:33:31,8,0,2012-01-12 16:33:31
Case98,Packing,res_f0c1998a-357d-4c38-bde7-4806fc537f66,Role 3,2012-01-12 16:33:35,8,0,2012-01-12 16:33:35
Case98,Turning & Milling Q.C.,res_0c9e1edc-5031-465f-8b15-145067d092b8,Role 1,2012-01-12 16:33:39,8,0,2012-01-12 16:33:39
Case98,Packing,res_f0c1998a-357d-4c38-bde7-4806fc537f66,Role 3,2012-01-12 16:33:43,8,0,2012-01-12 16:33:43
Case98,Final Inspection Q.C.,res_0c9e1edc-5031-465f-8b15-145067d092b8,Role 1,2012-01-12 16:33:47,8,0,2012-01-12 16:33:47
Case98,Turning & Milling Q.C.,res_7aa8e275-2091-46aa-8eb5-dc6183b95719,Role 1,2012-01-12 16:33:51,8,0,2012-01-12 16:33:51
Case98,Laser Marking,res_eacd3f85-9c27-47cb-89b3-558011127427,Role 5,2012-01-12 16:33:55,8,0,2012-01-12 16:33:55
Case98,Lapping,res_f3606ac9-28bc-4857-aaa9-8e5e002f2c74,Role 2,2012-01-12 16:33:59,8,0,2012-01-12 16:33:59
Case98,Turning & Milling Q.C.,res_7aa8e275-2091-46aa-8eb5-dc6183b95719,Role 1,2012-01-12 16:34:03,8,0,2012-01-12 16:34:03
Case98,Laser Marking,res_eacd3f85-9c27-47cb-89b3-558011127427,Role 5,2012-01-12 16:34:07,8,0,2012-01-12 16:34:07
Case98,Lapping,res_a7884ce0-d488-49c2-bbcb-06aba2c7aa0e,Role 2,2012-01-12 16:34:11,8,0,2012-01-12 16:34:11
Case98,Turning & Milling Q.C.,res_fb941250-d079-4e8c-8bdc-c79f47471e3b,Role 1,2012-01-12 16:34:15,8,0,2012-01-12 16:34:15
Case98,Laser Marking,res_eacd3f85-9c27-47cb-89b3-558011127427,Role 5,2012-01-12 16:34:19,8,0,2012-01-12 16:34:19
Case98,Lapping,res_a7884ce0-d488-49c2-bbcb-06aba2c7aa0e,Role 2,2012-01-12 16:34:23,8,0,2012-01-12 16:34:23
Case98,Packing,res_f0c1998a-357d-4c38-bde7-4806fc537f66,Role 3,2012-01-12 16:34:27,8,0,2012-01-12 16:34:27
Case98,Round Grinding,res_2fe39883-a0a3-49a7-9376-b9d1e15e6896,Role 6,2012-01-12 16:34:31,8,0,2012-01-12 16:34:31
Case98,Final Inspection Q.C.,res_0c9e1edc-5031-465f-8b15-145067d092b8,Role 1,2012-01-12 16:34:35,8,0,2012-01-12 16:34:35
Case92,Turning & Milling Q.C.,res_7aa8e275-2091-46aa-8eb5-dc6183b95719,Role 1,2012-01-12 18:35:14,7,0,2012-01-12 18:35:14
Case109,Lapping,res_a7884ce0-d488-49c2-bbcb-06aba2c7aa0e,Role 2,2012-01-12 19:42:34,7,0,2012-01-12 19:42:34
Case109,Packing,res_f0c1998a-357d-4c38-bde7-4806fc537f66,Role 3,2012-01-12 19:52:39,7,0,2012-01-12 19:42:38
Case109,Final Inspection Q.C.,res_7aa8e275-2091-46aa-8eb5-dc6183b95719,Role 1,2012-01-12 19:52:43,7,0,2012-01-12 19:52:43
Case112,Laser Marking,res_eacd3f85-9c27-47cb-89b3-558011127427,Role 5,2012-01-12 21:37:40,6,0,2012-01-12 21:37:40
Case93,Lapping,res_c7bd898a-1461-452f-95cf-240fa62aa442,Role 2,2012-01-12 22:16:44,6,0,2012-01-12 22:16:44
Case92,Packing,res_0d1875c3-80e3-4d0d-bf7b-ac33326f853d,Role 3,2012-01-13 00:13:48,6,0,2012-01-12 23:54:40
Case92,Round Grinding,res_2fe39883-a0a3-49a7-9376-b9d1e15e6896,Role 6,2012-01-13 00:46:10,6,0,2012-01-13 00:13:52
Case92,Packing,res_f0c1998a-357d-4c38-bde7-4806fc537f66,Role 3,2012-01-13 00:51:44,6,0,2012-01-13 00:46:14
Case92,Turning & Milling Q.C.,res_7aa8e275-2091-46aa-8eb5-dc6183b95719,Role 1,2012-01-13 00:51:48,6,0,2012-01-13 00:51:48
Case92,Turning & Milling,res_a7884ce0-d488-49c2-bbcb-06aba2c7aa0e,Role 2,2012-01-13 00:51:52,6,0,2012-01-13 00:51:52
Case92,Laser Marking,res_eacd3f85-9c27-47cb-89b3-558011127427,Role 5,2012-01-13 00:53:27,6,0,2012-01-13 00:51:56
Case92,Final Inspection Q.C.,res_b09df969-8dee-4e5b-bfb3-b2e91c67882c,Role 1,2012-01-13 00:55:50,6,0,2012-01-13 00:53:31
Case112,Lapping,res_a7884ce0-d488-49c2-bbcb-06aba2c7aa0e,Role 2,2012-01-13 01:22:32,5,0,2012-01-13 01:22:32
Case112,Turning & Milling Q.C.,res_7aa8e275-2091-46aa-8eb5-dc6183b95719,Role 1,2012-01-13 01:40:23,5,0,2012-01-13 01:22:36
Case112,Packing,res_f0c1998a-357d-4c38-bde7-4806fc537f66,Role 3,2012-01-13 01:48:22,5,0,2012-01-13 01:40:27
Case112,Round Grinding,res_2fe39883-a0a3-49a7-9376-b9d1e15e6896,Role 6,2012-01-13 01:56:32,5,0,2012-01-13 01:48:26
Case112,Final Inspection Q.C.,res_7aa8e275-2091-46aa-8eb5-dc6183b95719,Role 1,2012-01-13 02:09:10,5,0,2012-01-13 01:56:36
Case112,Packing,res_0d1875c3-80e3-4d0d-bf7b-ac33326f853d,Role 3,2012-01-13 02:20:53,5,0,2012-01-13 02:09:14
Case112,Turning & Milling Q.C.,res_0c9e1edc-5031-465f-8b15-145067d092b8,Role 1,2012-01-13 02:32:56,5,0,2012-01-13 02:20:57
Case112,Laser Marking,res_eacd3f85-9c27-47cb-89b3-558011127427,Role 5,2012-01-13 02:43:16,5,0,2012-01-13 02:33:00
Case112,Lapping,res_a7884ce0-d488-49c2-bbcb-06aba2c7aa0e,Role 2,2012-01-13 02:56:43,5,0,2012-01-13 02:43:20
Case112,Packing,res_f0c1998a-357d-4c38-bde7-4806fc537f66,Role 3,2012-01-13 03:12:05,5,0,2012-01-13 02:56:47
Case112,Final Inspection Q.C.,res_0c9e1edc-5031-465f-8b15-145067d092b8,Role 1,2012-01-13 03:27:09,5,0,2012-01-13 03:12:09
Case93,Turning & Milling Q.C.,res_7aa8e275-2091-46aa-8eb5-dc6183b95719,Role 1,2012-01-13 05:34:45,4,0,2012-01-13 05:11:29
Case93,Laser Marking,res_eacd3f85-9c27-47cb-89b3-558011127427,Role 5,2012-01-13 06:25:08,4,0,2012-01-13 05:34:49
Case93,Lapping,res_a7884ce0-d488-49c2-bbcb-06aba2c7aa0e,Role 2,2012-01-13 06:58:27,4,0,2012-01-13 06:25:12
Case94,Final Inspection Q.C.,res_0c9e1edc-5031-465f-8b15-145067d092b8,Role 1,2012-01-13 15:34:15,3,0,2012-01-13 15:34:15
